5161.1832321,-7.905977249145508,-10.671849250793457,-12.893784523010254,-14.439947128295898,-15.197816848754883,-15.12845516204834,-14.181161880493164,-12.325882911682129,start_session_zensync,0
5161.1932321,-9.606098175048828,-6.187695026397705,-2.4422872066497803,1.051034927368164,3.766044855117798,5.5440874099731445,6.471854209899902,6.633962154388428,['fadeout'],0
5161.203232100001,6.239257335662842,5.7439656257629395,5.434650421142578,5.225549221038818,5.0799102783203125,5.01601505279541,4.970822334289551,4.852872848510742,0,0
5161.213232100001,4.436619281768799,3.478174924850464,1.9173407554626465,-0.14602969586849213,-2.4693961143493652,-4.681427478790283,-6.541263580322266,-7.937991619110107,0,0
5161.223232100001,-8.690570831298828,-8.714902877807617,-8.092330932617188,-6.973913669586182,-5.558303356170654,-4.039444923400879,-2.4669549465179443,-0.6439780592918396,0,0
5161.233232100001,1.5555212497711182,3.8252058029174805,5.6733880043029785,6.925386905670166,7.763014316558838,8.308853149414062,8.472796440124512,8.081542015075684,0,0
5161.2432321000015,6.994080066680908,5.2585601806640625,2.9649910926818848,0.08649154007434845,-3.231095790863037,-6.717484951019287,-10.162261962890625,-13.29361629486084,0,0
5161.253232100002,-15.8026762008667,-17.2641658782959,-17.272056579589844,-15.685587882995605,-12.567150115966797,-8.244585990905762,-3.100299119949341,2.677783727645874,0,0
5161.6583908,-3.2351016998291016,-0.915192186832428,1.1836822032928467,3.186255693435669,5.134417533874512,6.89255952835083,8.383207321166992,9.544548988342285,0,0
5161.6683908,1.0676997900009155,-2.4296529293060303,-6.6184797286987305,-11.101276397705078,-15.226078987121582,-18.51416015625,-20.67264175415039,-21.446247100830078,0,0
5161.678390800001,-6.651589870452881,-6.475821018218994,-5.074156761169434,-2.26157283782959,1.5610911846160889,5.649069309234619,9.453277587890625,12.709694862365723,0,0
5161.688390800001,21.752193450927734,24.862382888793945,26.00860023498535,25.208343505859375,22.840003967285156,19.307268142700195,14.764934539794922,9.319314002990723,0,0
5161.698390800001,-3.377941846847534,2.834258794784546,7.6187286376953125,9.855297088623047,9.414148330688477,6.77108907699585,2.459963798522949,-2.9648349285125732,0,0
5161.708390800001,-14.301627159118652,-6.588119029998779,1.0108662843704224,8.549276351928711,15.91759967803955,22.513229370117188,27.494516372680664,30.315256118774414,0,0
5161.7183908000015,-15.17555046081543,-7.225831031799316,1.291447401046753,9.917219161987305,17.916488647460938,24.422473907470703,28.813095092773438,30.939136505126953,0,0
5161.728390800002,-8.195384979248047,-12.240192413330078,-15.263571739196777,-17.216426849365234,-18.26444435119629,-18.52584457397461,-17.848581314086914,-16.221946716308594,0,0
5162.141759,13.441536903381348,7.270551681518555,0.7570863366127014,-5.3490681648254395,-10.32287883758545,-13.757370948791504,-15.51978588104248,-15.528324127197266,0,0
5162.151759,-13.885733604431152,-10.867097854614258,-6.844550132751465,-2.6512322425842285,0.8384454250335693,3.4170405864715576,5.236422538757324,6.361662864685059,0,0
5162.1617590000005,6.715648651123047,6.13593053817749,4.5890960693359375,2.223574638366699,-0.6340575218200684,-3.4081790447235107,-5.80473518371582,-8.047188758850098,0,0
5162.171759000001,-10.215726852416992,-11.984214782714844,-13.003060340881348,-13.219491958618164,-12.836005210876465,-12.05604362487793,-10.939416885375977,-9.489153861999512,0,0
5162.181759000001,-7.709720134735107,-5.522119998931885,-2.9321601390838623,-0.15124793350696564,2.709148406982422,5.775956630706787,9.105895042419434,12.522971153259277,0,0
5162.191759000001,15.84381103515625,18.80910873413086,20.95972442626953,21.877044677734375,21.416513442993164,19.758586883544922,17.1207275390625,13.554736137390137,0,0
5162.201759000001,9.18242359161377,4.302308559417725,-0.8093498349189758,-5.874835968017578,-10.391844749450684,-13.892334938049316,-16.3461856842041,-17.843704223632812,0,0
5162.211759000002,-18.374841690063477,-17.94483184814453,-16.613140106201172,-14.591592788696289,-11.996968269348145,-8.9253511428833,-5.708137512207031,-2.609035015106201,0,0
5162.2824111,-9.489153861999512,-7.709720134735107,-5.522119998931885,-2.9321601390838623,-0.15124797821044922,2.709148406982422,5.775956630706787,9.105895042419434,0,0
5162.2924111,12.522971153259277,15.84381103515625,18.80910873413086,20.95972442626953,21.877044677734375,21.416513442993164,19.758586883544922,17.120729446411133,0,0
5162.3024111,13.554736137390137,9.18242359161377,4.302308559417725,-0.809349775314331,-5.874835968017578,-10.391844749450684,-13.892334938049316,-16.3461856842041,0,0
5162.312411100001,-17.843704223632812,-18.374841690063477,-17.94483184814453,-16.613140106201172,-14.591592788696289,-11.996968269348145,-8.9253511428833,-5.708137512207031,0,0
5162.322411100001,-2.609035015106201,0.24996134638786316,2.7322192192077637,4.628608703613281,5.7163896560668945,6.1040358543396,6.210177421569824,6.387641906738281,0,0
5162.332411100001,6.985619068145752,8.190729141235352,9.56442928314209,10.447265625,10.5846529006958,9.970292091369629,8.658514976501465,6.8271708488464355,0,0
5162.342411100001,4.638415336608887,2.160782814025879,-0.578942596912384,-3.475736618041992,-6.280214786529541,-8.64622688293457,-10.135947227478027,-10.457450866699219,0,0
5162.3524111000015,-9.59016227722168,-7.770622730255127,-5.4566264152526855,-3.0278921127319336,-0.6714802980422974,1.6318496465682983,3.94162917137146,6.085474491119385,0,0
5162.4154008000005,10.5846529006958,9.970292091369629,8.658514976501465,6.8271708488464355,4.638415336608887,2.160782814025879,-0.578942596912384,-3.4757368564605713,0,0
5162.425400800001,-13.544859886169434,-13.731407165527344,0.0577518604695797,0.3070833384990692,0.660158097743988,0.8259791731834412,0.8757975101470947,1.18520987033844,0,0
5162.435400800001,-3.2605648040771484,-5.111635208129883,-6.501345634460449,-7.367915153503418,-7.631663799285889,-7.358998775482178,-6.654107093811035,-5.540883541107178,0,0
5162.445400800001,7.460007667541504,5.289031028747559,2.645761251449585,-0.22804680466651917,-2.9868898391723633,-5.52016019821167,-7.752695083618164,-9.308927536010742,0,0
5162.455400800001,3.877234935760498,2.4934067726135254,1.2012678384780884,-0.012691321782767773,-1.2989901304244995,-2.562272548675537,-3.5548713207244873,-4.050091743469238,0,0
5162.465400800002,1.0344822406768799,0.9222906827926636,0.7369344234466553,0.39036691188812256,0.011039991863071918,-0.23839567601680756,-0.376903772354126,-0.2479303479194641,0,0
5162.475400800002,25.427677154541016,25.71812629699707,22.52341651916504,16.216087341308594,7.833763122558594,-1.3873611688613892,-10.334877967834473,-18.049726486206055,0,0
5162.485400800002,8.645210266113281,14.763389587402344,19.34379768371582,22.08753776550293,22.99048614501953,22.21358871459961,19.96949577331543,16.41880989074707,0,0
5162.549351000001,-7.752695083618164,-9.308927536010742,-9.917896270751953,-9.57454776763916,-8.232876777648926,-6.020994186401367,-3.4501826763153076,-1.1555286645889282,0,0
5162.559351000001,-2.886187791824341,-3.3990721702575684,-4.042977809906006,-4.75692081451416,-5.388825416564941,-5.74835729598999,-5.750077247619629,-5.350613117218018,0,0
5162.569351000001,-0.376903772354126,-0.2479303628206253,0.46590906381607056,1.854162335395813,3.834550142288208,6.12097692489624,8.182085990905762,9.638262748718262,0,0
5162.579351000001,-20.019084930419922,-20.654165267944336,-19.489349365234375,-16.733505249023438,-12.699725151062012,-7.594985008239746,-1.8206422328948975,4.100769996643066,0,0
5162.589351000001,10.635025978088379,5.8584065437316895,0.7894712090492249,-4.2633538246154785,-8.93962574005127,-12.765920639038086,-15.25088119506836,-16.216222763061523,0,0
5162.599351000002,-19.463247299194336,-12.767823219299316,-4.874062538146973,3.3702101707458496,11.06898307800293,17.201539993286133,20.928268432617188,21.911026000976562,0,0
5162.609351000002,-4.628617286682129,-5.66566801071167,-6.068399906158447,-5.901916027069092,-5.337490081787109,-4.447830677032471,-3.175915241241455,-1.4968661069869995,0,0
5162.619351000002,12.240952491760254,10.621315002441406,8.10842514038086,4.944810390472412,1.5392364263534546,-1.7796920537948608,-4.866649627685547,-7.525397777557373,0,0
5162.6825912,-0.35240039229393005,-1.5073391199111938,-2.527487277984619,-3.276305913925171,-3.6591789722442627,-3.5831494331359863,-3.1473517417907715,-2.5333032608032227,0,0
5162.692591200001,-4.874062538146973,3.3702101707458496,11.06898307800293,17.201539993286133,20.928268432617188,21.911026000976562,20.449491500854492,17.273143768310547,0,0
5162.702591200001,1.9757368564605713,1.8382830619812012,1.624646782875061,1.3273953199386597,0.9446043372154236,0.42413172125816345,-0.37265077233314514,-1.4141002893447876,0,0
5162.712591200001,-14.722747802734375,-13.798321723937988,-11.366979598999023,-7.539050102233887,-2.650737762451172,2.7484469413757324,8.027708053588867,12.722620964050293,0,0
5162.722591200001,11.180105209350586,11.118104934692383,9.223509788513184,6.115469932556152,2.444507122039795,-1.3510124683380127,-4.760637283325195,-7.378227710723877,0,0
5162.7325912000015,-3.7527518272399902,-1.7620643377304077,0.09758706390857697,1.816754937171936,3.470449447631836,5.061000347137451,6.479194641113281,7.704813480377197,0,0
5162.742591200002,-27.49334144592285,-22.56828498840332,-16.92497444152832,-10.82758903503418,-4.426419734954834,1.9945387840270996,7.864245414733887,12.801753044128418,0,0
5162.752591200002,4.684526443481445,3.282294750213623,1.9971935749053955,0.8058912754058838,-0.3453415632247925,-1.566176176071167,-2.9720139503479004,-4.617197513580322,0,0
5162.8167568,-7.7486114501953125,-4.406437873840332,-0.9976112246513367,2.0747110843658447,4.427037239074707,5.922226428985596,6.636624813079834,6.724605083465576,0,0
5162.8267568,-33.13042449951172,-33.33982467651367,-31.300914764404297,-27.49334144592285,-22.56828498840332,-16.92497444152832,-10.82758903503418,-4.426419734954834,0,0
5162.8367568,6.363364219665527,5.621382713317871,4.551370143890381,3.3378188610076904,2.149561882019043,1.0383378267288208,0.05643700808286667,-0.6583141684532166,0,0
5162.846756800001,17.36874008178711,15.83297348022461,14.42940616607666,13.530184745788574,13.21729564666748,13.310489654541016,13.595847129821777,13.797582626342773,0,0
5162.856756800001,-1.121511459350586,-1.537513256072998,-1.9025909900665283,-1.957147479057312,-1.5500613451004028,-0.8454678654670715,-0.07888001948595047,0.6855132579803467,0,0
5162.866756800001,-13.367895126342773,-16.695293426513672,-19.170856475830078,-20.476459503173828,-20.632097244262695,-19.751251220703125,-17.926563262939453,-15.433295249938965,0,0
5162.876756800001,1.3348166942596436,1.7297194004058838,2.0511372089385986,2.500239849090576,2.84775447845459,2.65625262260437,1.741614580154419,0.25522634387016296,0,0
5162.886756800001,4.499689102172852,6.643808841705322,8.786786079406738,10.867094039916992,12.728970527648926,13.960585594177246,14.025277137756348,12.861448287963867,0,0
5162.9503395,9.51625919342041,6.277905464172363,2.472191333770752,-1.5496830940246582,-5.590384483337402,-9.582279205322266,-13.367895126342773,-16.695293426513672,0,0
5162.9603395,-19.170856475830078,-20.476459503173828,-20.632097244262695,-19.751251220703125,-17.926563262939453,-15.433295249938965,-12.645201683044434,-9.83275032043457,0,0
5162.970339500001,-7.290899753570557,-5.286025524139404,-3.6160888671875,-1.8388031721115112,0.17726823687553406,2.3317854404449463,4.499689102172852,6.643808841705322,0,0
5162.980339500001,8.786786079406738,10.867094039916992,12.728970527648926,13.960585594177246,14.025276184082031,12.861448287963867,10.72940444946289,7.88951301574707,0,0
5162.990339500001,4.787108421325684,1.7809553146362305,-0.9588364958763123,-3.225054979324341,-4.858046531677246,-5.641976356506348,-5.386732578277588,-4.317768096923828,0,0
5163.000339500001,-2.8799519538879395,-1.3838200569152832,-0.023158831521868706,1.0175646543502808,1.4493224620819092,1.0493966341018677,-0.13433434069156647,-1.8737882375717163,0,0
5163.0103395000015,-3.8807828426361084,-5.900755882263184,-7.601753234863281,-8.533875465393066,-8.387796401977539,-7.00297737121582,-4.254951000213623,-0.11608369648456573,0,0
5163.020339500002,5.158918857574463,10.848644256591797,15.841991424560547,18.94464683532715,19.355056762695312,16.966405868530273,12.199250221252441,5.722396373748779,0,0
5163.084385900001,12.861448287963867,10.72940444946289,7.88951301574707,4.787108421325684,1.7809553146362305,-0.9588364958763123,-3.2250547409057617,-4.858046531677246,0,0
5163.094385900001,-5.641976356506348,-5.386732578277588,-4.317768096923828,-2.8799519538879395,-1.3838200569152832,-0.023158833384513855,1.0175646543502808,1.4493224620819092,0,0
5163.104385900001,1.0493966341018677,-0.13433434069156647,-1.8737882375717163,-3.8807828426361084,-5.900755882263184,-7.601753234863281,-8.533875465393066,-8.387796401977539,0,0
5163.114385900001,-7.00297737121582,-4.254951000213623,-0.11608370393514633,5.158918857574463,10.848644256591797,15.841991424560547,18.94464683532715,19.355056762695312,0,0
5163.1243859000015,16.966405868530273,12.199250221252441,5.722396373748779,-1.5462965965270996,-8.535848617553711,-14.360798835754395,-18.516599655151367,-20.823930740356445,0,0
5163.134385900002,-21.18181610107422,-19.605436325073242,-16.3167667388916,-11.541850090026855,-5.639845371246338,0.7478471994400024,7.031160831451416,12.786774635314941,0,0
5163.144385900002,17.615774154663086,21.132722854614258,23.033191680908203,23.20662498474121,21.7065372467041,18.72878074645996,14.571243286132812,9.50041675567627,0,0
5163.154385900002,3.8215172290802,-2.0720431804656982,-7.791073799133301,-12.919724464416504,-16.925384521484375,-19.29148292541504,-19.799877166748047,-18.544761657714844,0,0
5163.489904200001,10.526786804199219,7.2175703048706055,3.174696683883667,-1.2136121988296509,-5.456830978393555,-9.174989700317383,-11.974117279052734,-13.562681198120117,['Start_video_1'],0
5163.499904200001,-2.9259254932403564,-4.935765266418457,-6.978608131408691,-8.734376907348633,-9.66162395477295,-9.387635231018066,-7.926105976104736,-5.249246597290039,0,0
5163.509904200001,8.755804061889648,9.980905532836914,10.162843704223633,9.458609580993652,8.017890930175781,6.1081061363220215,3.941910743713379,1.4755032062530518,0,0
5163.519904200001,-9.913476943969727,-10.039735794067383,-9.203617095947266,-7.559051990509033,-5.4093337059021,-2.894977569580078,-0.07972005754709244,2.6183671951293945,0,0
5163.5299042000015,2.7433929443359375,0.672926664352417,-1.7100979089736938,-3.7324209213256836,-5.078369140625,-5.822665691375732,-5.845277309417725,-4.944238662719727,0,0
5163.539904200002,11.135729789733887,10.915857315063477,9.74107551574707,7.650516510009766,4.8183913230896,1.5039104223251343,-2.052327871322632,-5.653487682342529,0,0
5163.549904200002,-0.46797826886177063,4.51226806640625,9.444602012634277,13.248075485229492,15.429306983947754,15.796798706054688,14.458642959594727,11.613116264343262,0,0
5163.559904200002,1.869473934173584,9.607081413269043,16.03150749206543,20.50568199157715,22.621505737304688,21.953092575073242,18.48105239868164,12.881839752197266,0,0
5164.020037400001,8.590428352355957,5.644123077392578,2.2299890518188477,-1.340739130973816,-4.5861897468566895,-6.877453804016113,-7.7460527420043945,-7.206058025360107,0,0
5164.030037400001,-5.565303802490234,-3.196976661682129,-0.2469262182712555,3.232067584991455,6.822819709777832,9.927691459655762,12.117459297180176,13.117507934570312,0,0
5164.040037400001,12.747652053833008,11.130258560180664,8.728605270385742,5.8083367347717285,2.3916122913360596,-1.2772960662841797,-4.850122451782227,-7.9592437744140625,0,0
5164.050037400001,-10.197602272033691,-11.390213966369629,-11.63121509552002,-11.241985321044922,-10.633240699768066,-9.956023216247559,-9.124780654907227,-8.075566291809082,0,0
5164.060037400001,-6.815051078796387,-5.358882904052734,-3.788942575454712,-2.3807177543640137,-1.3540161848068237,-0.5256580710411072,0.3936101794242859,1.5733237266540527,0,0
5164.070037400002,3.27156662940979,5.513773441314697,7.797837257385254,9.501108169555664,10.315991401672363,10.152359008789062,8.928938865661621,6.7988057136535645,0,0
5164.080037400002,4.145858287811279,1.3492391109466553,-1.1997421979904175,-3.2579097747802734,-4.776118755340576,-5.6443400382995605,-5.810307025909424,-5.440915584564209,0,0
5164.090037400002,-4.791234493255615,-4.194640159606934,-3.9070513248443604,-3.8750393390655518,-3.8589441776275635,-3.5396318435668945,-2.6107017993927,-0.8869616985321045,0,0
5164.2996334,13.550469398498535,10.700308799743652,6.622081756591797,2.0382790565490723,-2.587226152420044,-6.676011562347412,-9.784055709838867,-11.789390563964844,['fadein'],0
5164.3096334,-12.88963794708252,-13.430697441101074,-13.508539199829102,-12.9940824508667,-11.839881896972656,-10.10145378112793,-7.9382195472717285,-5.6347808837890625,0,0
5164.3196334,-3.3298566341400146,-0.937191367149353,1.6471728086471558,4.478796482086182,7.403064250946045,10.069232940673828,12.291435241699219,14.025317192077637,0,0
5164.329633400001,15.167778015136719,15.618947982788086,15.33017349243164,14.321417808532715,12.63903522491455,10.305048942565918,7.4681572914123535,4.504678249359131,0,0
5164.339633400001,1.7779757976531982,-0.4976685047149658,-2.2072653770446777,-3.455151081085205,-4.542990684509277,-5.791550636291504,-7.412392616271973,-9.34696102142334,0,0
5164.349633400001,-11.302983283996582,-13.021003723144531,-14.291563034057617,-14.851885795593262,-14.38648796081543,-12.636658668518066,-9.705419540405273,-6.046624660491943,0,0
5164.359633400001,-2.0775129795074463,1.95258629322052,5.812148571014404,9.163217544555664,11.665973663330078,13.22696590423584,13.970373153686523,14.121676445007324,0,0
5164.3696334000015,13.835980415344238,13.038093566894531,11.646139144897461,9.711203575134277,7.316613674163818,4.564060688018799,1.5860346555709839,-1.5341089963912964,0,0
5164.4493666,-5.731231689453125,-8.870125770568848,-10.868220329284668,-11.664321899414062,-11.320507049560547,-9.72694206237793,-7.5007829666137695,-5.515909671783447,0,0
5164.4593666,7.316613674163818,4.564060688018799,1.5860346555709839,-1.5341089963912964,-4.761656284332275,-7.905977249145508,-10.671849250793457,-12.893784523010254,0,0
5164.4693666,3.810275077819824,2.543330669403076,1.4209785461425781,1.0401935577392578,1.630854606628418,2.742391586303711,3.992023468017578,4.827253341674805,0,0
5164.4793666000005,-14.641220092773438,-13.593932151794434,-11.680728912353516,-8.708767890930176,-4.986590385437012,-1.2429428100585938,2.1676836013793945,5.269981861114502,0,0
5164.489366600001,5.225549221038818,5.079910755157471,5.016015529632568,4.970821857452393,4.852872848510742,4.436619281768799,3.478174924850464,1.917340636253357,0,0
5164.499366600001,2.2655272483825684,2.983365774154663,3.9499430656433105,4.825121879577637,4.7754082679748535,3.537099838256836,1.4602675437927246,-1.2161455154418945,0,0
5164.509366600001,-6.973913669586182,-5.558303356170654,-4.039444923400879,-2.4669549465179443,-0.6439782381057739,1.5555212497711182,3.8252058029174805,5.6733880043029785,0,0
5164.519366600001,10.280583381652832,10.500844955444336,10.616564750671387,10.239896774291992,8.852219581604004,6.398317337036133,3.1424005031585693,-0.24733534455299377,0,0
5164.5819639,-14.811275482177734,-11.683770179748535,-8.029688835144043,-4.207321643829346,-0.4947856664657593,3.000429153442383,6.134085655212402,8.770866394042969,0,0
5164.5919639,-7.937992095947266,-8.690570831298828,-8.714902877807617,-8.092330932617188,-6.973913669586182,-5.558303356170654,-4.039444923400879,-2.4669549465179443,0,0
5164.601963900001,-3.2278342247009277,-1.5071264505386353,0.467170774936676,2.3815462589263916,4.023411273956299,5.290526390075684,5.933324337005615,5.742751598358154,0,0
5164.611963900001,8.081542015075684,6.994080066680908,5.2585601806640625,2.9649910926818848,0.08649135380983353,-3.231096029281616,-6.717484951019287,-10.162261962890625,0,0
5164.621963900001,1.0012750625610352,0.5812566876411438,-0.3524005711078644,-1.5073391199111938,-2.52748703956604,-3.276305675506592,-3.6591784954071045,-3.583148956298828,0,0
5164.631963900001,1.7682733535766602,1.9713901281356812,1.9757366180419922,1.838282823562622,1.6246464252471924,1.3273948431015015,0.9446038603782654,0.42413124442100525,0,0
5164.641963900001,22.893945693969727,19.69304084777832,15.099736213684082,9.68658447265625,4.140362739562988,-0.9460373520851135,-5.085789203643799,-7.970330238342285,0,0
5164.651963900002,-4.760636806488037,-7.378227710723877,-9.086752891540527,-10.06611156463623,-10.591635704040527,-10.672733306884766,-10.196670532226562,-9.170239448547363,0,0
5164.7166871,6.5311503410339355,7.048544883728027,7.330724716186523,8.052587509155273,9.750439643859863,12.179732322692871,14.223649024963379,14.286775588989258,0,0
5164.7266871,8.724902153015137,14.334277153015137,18.852033615112305,22.038537979125977,24.021459579467773,24.90087127685547,24.579036712646484,22.893945693969727,0,0
5164.7366871,-14.620101928710938,-13.997925758361816,-12.750439643859863,-10.879398345947266,-8.52914047241211,-6.017419815063477,-3.4953951835632324,-0.849768340587616,0,0
5164.746687100001,-9.247220039367676,-7.809069633483887,-5.9442949295043945,-4.625300884246826,-4.431220054626465,-5.339990139007568,-7.0220770835876465,-9.17184829711914,0,0
5164.756687100001,16.830402374267578,15.700713157653809,13.824470520019531,11.239465713500977,8.131680488586426,4.892794132232666,1.879868984222412,-0.6819672584533691,0,0
5164.766687100001,-2.644876718521118,-4.095268249511719,-5.344143867492676,-6.717367172241211,-8.410470008850098,-10.354217529296875,-12.271514892578125,-13.922298431396484,0,0
5164.776687100001,25.0069637298584,25.98497772216797,24.83330726623535,21.752033233642578,17.49545669555664,12.627050399780273,7.293252944946289,1.8477210998535156,0,0
5164.7866871000015,11.975676536560059,9.989331245422363,7.5469841957092285,4.750209808349609,1.7216317653656006,-1.4541386365890503,-4.729864120483398,-7.911734580993652,0,0
5164.850327300001,-9.17184829711914,-11.484535217285156,-13.613771438598633,-15.302022933959961,-16.5615177154541,-17.37992286682129,-17.508039474487305,-16.728635787963867,0,0
5164.860327300001,0.16596582531929016,1.2761476039886475,2.4192049503326416,3.338520050048828,3.751058340072632,3.53214430809021,2.6024715900421143,0.9722045660018921,0,0
5164.870327300001,-0.9989604949951172,-2.8404409885406494,-4.210651397705078,-4.806696891784668,-4.592416763305664,-3.8238604068756104,-2.807267189025879,-1.9264799356460571,0,0
5164.880327300001,1.8477210998535156,-3.292415142059326,-7.903390884399414,-11.608717918395996,-13.968558311462402,-14.790725708007812,-14.047233581542969,-11.865303039550781,0,0
5164.890327300001,-1.3895916938781738,-0.9653987884521484,-0.39031535387039185,0.21720556914806366,0.6439728736877441,0.9094879031181335,1.0024898052215576,0.7855056524276733,0,0
5164.900327300002,4.898036003112793,2.602729082107544,-0.11057963222265244,-2.6495394706726074,-4.658133506774902,-5.993666172027588,-6.651590824127197,-6.475821018218994,0,0
5164.910327300002,-5.074157238006592,-2.261573076248169,1.5610911846160889,5.649069309234619,9.453277587890625,12.709694862365723,15.111668586730957,16.293907165527344,0,0
5164.920327300002,0.3798959255218506,0.07829097658395767,0.03740416467189789,0.2842417061328888,0.6970461010932922,1.1332180500030518,1.5701607465744019,1.9917868375778198,0,0
5164.9855152,4.294154167175293,5.868642330169678,6.491512298583984,6.221141338348389,4.898036003112793,2.602729082107544,-0.11057963222265244,-2.6495394706726074,0,0
5164.9955152,-4.658133506774902,-5.993666172027588,-6.651590824127197,-6.475821018218994,-5.074157238006592,-2.261573076248169,1.5610911846160889,5.649069309234619,0,0
5165.0055152,9.453277587890625,12.709694862365723,15.111668586730957,16.293907165527344,16.091028213500977,14.473654747009277,11.46508502960205,7.306319236755371,0,0
5165.015515200001,2.4878058433532715,-2.5804316997528076,-7.734715938568115,-12.752448081970215,-17.214414596557617,-20.671213150024414,-22.884658813476562,-23.8043155670166,0,0
5165.025515200001,-23.369726181030273,-21.64073944091797,-18.825265884399414,-15.265095710754395,-11.427793502807617,-7.477817535400391,-3.280853271484375,1.1427297592163086,0,0
5165.035515200001,5.533634662628174,9.44719409942627,12.506503105163574,14.574847221374512,15.446191787719727,14.901297569274902,13.114304542541504,10.518622398376465,0,0
5165.045515200001,7.522956848144531,4.554339408874512,1.971243143081665,-0.10042707622051239,-1.6371846199035645,-2.5954537391662598,-2.908301591873169,-2.521682024002075,0,0
5165.0555152000015,-1.5658320188522339,-0.3157680332660675,1.0341218709945679,2.479461431503296,4.0595598220825195,5.5702080726623535,6.78389835357666,7.647749900817871,0,0
5165.1187981,-21.64073944091797,-18.825265884399414,-15.265095710754395,-11.427793502807617,-7.477817535400391,-3.280853271484375,1.1427297592163086,5.533634662628174,0,0
5165.1287981000005,9.44719409942627,12.506503105163574,14.574846267700195,15.446191787719727,14.901297569274902,13.114304542541504,10.518622398376465,7.522956371307373,0,0
5165.138798100001,4.554339408874512,1.971243143081665,-0.10042700171470642,-1.637184500694275,-2.5954535007476807,-2.90830135345459,-2.521681785583496,-1.5658317804336548,0,0
5165.148798100001,-0.3157678246498108,1.0341219902038574,2.479461431503296,4.0595598220825195,5.5702080726623535,6.78389835357666,7.647749900817871,8.0872220993042,0,0
5165.158798100001,8.030041694641113,7.39511251449585,6.276013374328613,5.129875183105469,4.19632625579834,3.2195732593536377,2.0156967639923096,0.6959527730941772,0,0
5165.168798100001,-0.6437520980834961,-2.085676431655884,-3.734772205352783,-5.463755130767822,-7.045084476470947,-8.501237869262695,-9.990870475769043,-11.530895233154297,0,0
5165.178798100002,-12.99891185760498,-14.210886001586914,-14.996082305908203,-15.340019226074219,-15.313604354858398,-14.79540729522705,-13.486687660217285,-11.100759506225586,0,0
5165.188798100002,-7.6016387939453125,-3.111945152282715,2.307784080505371,8.329928398132324,14.443690299987793,20.29678726196289,25.449756622314453,29.176231384277344,0,0
5165.6494082,7.999448776245117,6.656640529632568,5.414083480834961,3.6037275791168213,1.1999852657318115,-1.2426053285598755,-3.125828266143799,-3.739189863204956,0,0
5165.6594082,3.685539484024048,3.654214382171631,2.443405866622925,0.5593460202217102,-1.29294753074646,-3.093379020690918,-5.028287887573242,-6.625339031219482,0,0
5165.6694082,-24.893238067626953,-26.0565242767334,-25.855119705200195,-24.61716079711914,-22.665752410888672,-20.25934600830078,-17.68868064880371,-15.273021697998047,0,0
5165.679408200001,10.233011245727539,10.160110473632812,7.876974582672119,3.757089376449585,-1.0437324047088623,-5.446019172668457,-8.583141326904297,-10.10580825805664,0,0
5165.689408200001,2.4722795486450195,3.8868539333343506,5.168720722198486,6.390980243682861,7.139810085296631,6.903210639953613,5.826337814331055,4.421313285827637,0,0
5165.699408200001,19.82157325744629,16.724563598632812,12.702855110168457,8.239442825317383,3.6430246829986572,-1.0325188636779785,-5.672828197479248,-10.164669036865234,0,0
5165.709408200001,3.2454729080200195,3.2089855670928955,3.348294734954834,3.5694730281829834,3.7753546237945557,3.954833507537842,4.055722236633301,3.937898874282837,0,0
5165.719408200001,-17.036928176879883,-12.357069969177246,-7.065323352813721,-1.586934208869934,3.5933518409729004,8.096315383911133,11.85940170288086,14.70695686340332,0,0
5166.201978800001,-9.094176292419434,-11.480010032653809,-13.32441234588623,-14.417179107666016,-14.526864051818848,-13.320524215698242,-10.806282997131348,-7.404516220092773,0,0
5166.211978800001,-3.4446420669555664,0.7674769163131714,4.788495063781738,8.296891212463379,11.162446975708008,13.296669006347656,14.636054992675781,15.163101196289062,0,0
5166.221978800001,14.856677055358887,13.682689666748047,11.569659233093262,8.52393913269043,4.900399208068848,1.2967314720153809,-2.056817054748535,-5.3453803062438965,0,0
5166.231978800001,-8.434991836547852,-10.762980461120605,-11.887386322021484,-11.603479385375977,-9.855473518371582,-6.748477458953857,-2.6048526763916016,1.8574104309082031,0,0
5166.241978800002,5.749199867248535,8.451326370239258,9.631038665771484,9.100851058959961,6.935640811920166,3.4127981662750244,-1.1996876001358032,-6.367038726806641,0,0
5166.251978800002,-11.360836029052734,-15.670236587524414,-18.79204750061035,-20.274242401123047,-19.97482681274414,-17.879789352416992,-14.175328254699707,-9.320149421691895,0,0
5166.261978800002,-3.879002332687378,1.628214955329895,6.91812801361084,11.831618309020996,16.176563262939453,19.827377319335938,22.695009231567383,24.557756423950195,0,0
5166.271978800002,25.070844650268555,24.125080108642578,21.934083938598633,18.572261810302734,14.085946083068848,8.861761093139648,3.3238425254821777,-2.3327462673187256,0,0
5166.3656729,11.831618309020996,16.176563262939453,19.827377319335938,22.695009231567383,24.557756423950195,25.070844650268555,24.125080108642578,21.934083938598633,0,0
5166.375672900001,18.572261810302734,14.085946083068848,8.861761093139648,3.3238425254821777,-2.3327462673187256,-8.04594898223877,-13.699225425720215,-18.85520362854004,0,0
5166.385672900001,-22.84111213684082,-25.146636962890625,-25.56049346923828,-24.112136840820312,-21.047956466674805,-16.896446228027344,-12.308919906616211,-7.713100433349609,0,0
5166.395672900001,-3.319685697555542,0.7633972764015198,4.6364970207214355,8.514115333557129,12.306567192077637,15.509245872497559,17.675765991210938,18.703781127929688,0,0
5166.405672900001,18.699068069458008,17.848384857177734,16.356691360473633,14.336538314819336,11.708595275878906,8.39963436126709,4.740279674530029,1.3639191389083862,0,0
5166.4156729000015,-1.4555433988571167,-3.786273241043091,-5.715846538543701,-7.574797630310059,-9.68062686920166,-11.752618789672852,-13.160606384277344,-13.579465866088867,0,0
5166.425672900002,-13.091493606567383,-12.012157440185547,-10.730347633361816,-9.469442367553711,-8.094701766967773,-6.167921543121338,-3.201002359390259,1.1015716791152954,0,0
5166.435672900002,6.5476813316345215,12.346379280090332,17.34735679626465,20.505767822265625,21.434480667114258,20.47332763671875,18.171916961669922,14.848875045776367,0,0
5166.4992589,8.39963436126709,4.740279197692871,1.3639190196990967,-1.4555433988571167,-3.78627347946167,-5.715846538543701,-7.574798107147217,-9.68062686920166,0,0
5166.5092589000005,9.884512901306152,4.854029655456543,-0.3913649022579193,-5.2649126052856445,-9.42149543762207,-12.894553184509277,-15.542365074157715,-16.812938690185547,0,0
5166.519258900001,21.245323181152344,23.019384384155273,22.922122955322266,20.809614181518555,16.45362091064453,9.793581008911133,1.4355354309082031,-7.4209818840026855,0,0
5166.529258900001,20.47332763671875,18.171916961669922,14.848875045776367,10.384221076965332,4.327058792114258,-3.374896764755249,-11.832934379577637,-19.650739669799805,0,0
5166.539258900001,20.259809494018555,20.30817222595215,18.89691162109375,16.411935806274414,13.22160530090332,9.761025428771973,6.585347652435303,4.231134414672852,0,0
5166.549258900001,9.500321388244629,15.286876678466797,18.952632904052734,20.709501266479492,21.23240089416504,21.266727447509766,21.26274871826172,21.10829734802246,0,0
5166.559258900002,-19.198026657104492,-24.441131591796875,-28.419219970703125,-30.790023803710938,-31.41404914855957,-30.318317413330078,-27.808656692504883,-24.141693115234375,0,0
5166.569258900002,20.20962142944336,21.751787185668945,21.635757446289062,20.157712936401367,17.760595321655273,14.830260276794434,11.828887939453125,9.090083122253418,0,0
5166.6342953,-7.939516067504883,-8.788887977600098,-8.383687019348145,-7.0979323387146,-5.271319389343262,-2.654874801635742,0.673166811466217,3.98223876953125,0,0
5166.6442953000005,20.709501266479492,21.23240089416504,21.266727447509766,21.26274871826172,21.10829734802246,19.877790451049805,16.493656158447266,10.689689636230469,0,0
5166.654295300001,1.2961368560791016,4.485767841339111,6.847756862640381,7.907790660858154,8.016865730285645,7.652973175048828,7.126204490661621,6.509545803070068,0,0
5166.664295300001,-0.11054762452840805,-1.2069940567016602,-1.5756858587265015,-1.8400096893310547,-2.570380449295044,-3.719534397125244,-5.1185760498046875,-6.70081901550293,0,0
5166.674295300001,23.883651733398438,26.276365280151367,26.636474609375,24.971994400024414,21.750627517700195,17.67829704284668,13.382309913635254,9.476716041564941,0,0
5166.684295300001,6.75223970413208,6.9464430809021,7.05757474899292,6.825294494628906,6.205523490905762,5.391876697540283,4.11002779006958,2.3105902671813965,0,0
5166.694295300002,-9.759634971618652,-9.43832015991211,-8.888299942016602,-8.377967834472656,-8.056023597717285,-7.941408634185791,-7.894374370574951,-7.427619934082031,0,0
5166.704295300002,11.617459297180176,12.123518943786621,11.415060997009277,9.426478385925293,6.319736480712891,2.517446756362915,-1.1333141326904297,-4.15492582321167,0,0
5166.767917200001,-19.46332359313965,-12.768224716186523,-4.87476110458374,3.3697023391723633,11.068775177001953,17.201251983642578,20.927736282348633,21.910564422607422,0,0
5166.777917200001,20.449344635009766,17.273109436035156,13.026151657104492,8.19438362121582,3.0980300903320312,-1.9580780267715454,-6.440799713134766,-9.952624320983887,0,0
5166.787917200001,-9.43832015991211,-8.888299942016602,-8.377967834472656,-8.056023597717285,-7.941408634185791,-7.894374370574951,-7.427619934082031,-5.878255367279053,0,0
5166.797917200001,11.473977088928223,4.334668159484863,-3.9356868267059326,-12.219279289245605,-19.732749938964844,-26.059572219848633,-30.657154083251953,-33.13026428222656,0,0
5166.807917200002,2.9081637859344482,0.7561978101730347,-0.648102343082428,-1.2285573482513428,-1.1956003904342651,-0.9381617307662964,-0.5950952172279358,-0.06408815830945969,0,0
5166.817917200002,7.864366054534912,12.801525115966797,16.599472045898438,18.95790672302246,19.845111846923828,19.623695373535156,18.70488929748535,17.36898422241211,0,0
5166.827917200002,11.967833518981934,9.516230583190918,6.277609825134277,2.472144365310669,-1.5494396686553955,-5.590351581573486,-9.582563400268555,-13.36801528930664,0,0
5166.837917200002,-16.69900894165039,-20.642255783081055,-23.638818740844727,-25.32425880432129,-25.468408584594727,-24.165163040161133,-21.846736907958984,-19.081684112548828,0,0
5166.9008572,9.859947204589844,8.181875228881836,5.562983512878418,2.9081640243530273,0.7561979293823242,-0.6481022238731384,-1.2285572290420532,-1.195600152015686,0,0
5166.9108572000005,-0.9381615519523621,-0.5950950384140015,-0.06408800929784775,0.6959940791130066,1.7607359886169434,3.325038194656372,5.380411148071289,7.471012592315674,0,0
5166.920857200001,-0.9152123332023621,1.1836848258972168,3.186277389526367,5.1344194412231445,6.892540454864502,8.383204460144043,9.54456901550293,10.235008239746094,0,0
5166.930857200001,-3.8611366748809814,-7.891759395599365,-12.279452323913574,-16.69900894165039,-20.642255783081055,-23.638818740844727,-25.32425880432129,-25.468408584594727,0,0
5166.940857200001,10.434415817260742,10.35867977142334,10.029272079467773,9.161104202270508,7.765748500823975,6.050530910491943,3.8771467208862305,1.0677106380462646,0,0
5166.950857200001,-2.4296646118164062,-6.61849308013916,-11.10126781463623,-15.226067543029785,-18.514169692993164,-20.67265510559082,-21.446243286132812,-20.649803161621094,0,0
5166.960857200002,36.19821548461914,34.85792541503906,31.53859519958496,26.546545028686523,20.241857528686523,13.077739715576172,5.684556007385254,-1.3143742084503174,0,0
5166.970857200002,-7.542168140411377,-12.62431812286377,-16.380401611328125,-18.890338897705078,-19.99855613708496,-19.654409408569336,-18.206790924072266,-15.978010177612305,0,0
5167.0343905,-10.017621994018555,-6.674461841583252,-2.809926748275757,1.5983144044876099,6.420537948608398,11.401776313781738,16.564640045166016,22.051759719848633,0,0
5167.0443905,27.463760375976562,32.114219665527344,35.252986907958984,36.19821548461914,34.85792541503906,31.53859519958496,26.546545028686523,20.241857528686523,0,0
5167.0543905,13.077739715576172,5.684556007385254,-1.3143742084503174,-7.542168140411377,-12.62431812286377,-16.380401611328125,-18.890338897705078,-19.99855613708496,0,0
5167.064390500001,-19.654409408569336,-18.206790924072266,-15.978010177612305,-13.183697700500488,-10.089439392089844,-7.061461925506592,-4.3103766441345215,-1.7658649682998657,0,0
5167.074390500001,0.5275275111198425,2.410618782043457,3.7973601818084717,4.505758762359619,4.193413257598877,2.585127592086792,-0.18016280233860016,-3.6706981658935547,0,0
5167.084390500001,-7.548281192779541,-11.434656143188477,-14.770599365234375,-17.11046028137207,-18.18624496459961,-17.713214874267578,-15.507094383239746,-11.684696197509766,0,0
5167.094390500001,-6.592960834503174,-0.5234549045562744,6.089715480804443,12.40733814239502,17.845413208007812,22.42945098876953,26.355012893676758,29.657621383666992,0,0
5167.1043905000015,32.02303695678711,32.71656799316406,30.9710693359375,26.527629852294922,19.706016540527344,11.223437309265137,2.072902202606201,-6.854730606079102,0,0
5167.2513685,-11.684696197509766,-6.592960834503174,-0.5234549045562744,6.089715480804443,12.40733814239502,17.845413208007812,22.42945098876953,26.355012893676758,0,0
5167.261368500001,29.657621383666992,32.02303695678711,32.71656799316406,30.9710693359375,26.527629852294922,19.706016540527344,11.223437309265137,2.072902202606201,0,0
5167.271368500001,-6.854730606079102,-15.19586181640625,-22.783166885375977,-29.19400978088379,-33.98713684082031,-36.79087448120117,-37.261932373046875,-35.31886672973633,0,0
5167.281368500001,-31.121536254882812,-24.992389678955078,-17.416667938232422,-8.958789825439453,-0.21168635785579681,8.212862014770508,15.580875396728516,21.154216766357422,0,0
5167.291368500001,24.60359001159668,26.17612648010254,26.218048095703125,24.83238983154297,22.36852264404297,19.386844635009766,16.206451416015625,13.243805885314941,0,0
5167.301368500001,11.057330131530762,9.716952323913574,8.810778617858887,7.924393177032471,6.69010066986084,4.912135601043701,2.7402305603027344,0.4670667052268982,0,0
5167.311368500002,-1.7571830749511719,-4.178370952606201,-7.056910037994385,-10.204386711120605,-13.259681701660156,-15.94683837890625,-18.151430130004883,-19.790117263793945,0,0
5167.321368500002,-20.646482467651367,-20.555580139160156,-19.45588493347168,-17.51775360107422,-15.19556713104248,-12.802080154418945,-10.359395980834961,-7.727215766906738,0,0
5167.8522352,-1.925634503364563,0.38844841718673706,2.836764335632324,5.030509948730469,6.874844551086426,8.4389009475708,9.46351432800293,9.94621753692627,0,0
5167.8622352,2.26812481880188,4.705628871917725,6.706942081451416,7.785924434661865,8.095661163330078,8.25533390045166,8.851370811462402,9.91708755493164,0,0
5167.8722352,10.297324180603027,10.779134750366211,11.414387702941895,12.201351165771484,12.809782028198242,12.400527000427246,10.522955894470215,7.51029634475708,0,0
5167.882235200001,6.669643402099609,2.7202603816986084,-2.912330150604248,-9.214127540588379,-15.058445930480957,-19.45882797241211,-21.892831802368164,-22.277631759643555,0,0
5167.892235200001,3.8937158584594727,0.03442606329917908,-3.772575855255127,-7.056518077850342,-9.44886589050293,-11.192039489746094,-12.894120216369629,-14.665382385253906,0,0
5167.902235200001,8.926697731018066,13.570882797241211,17.460773468017578,20.032447814941406,21.30403709411621,21.400070190429688,20.013957977294922,16.879241943359375,0,0
5167.912235200001,-15.937978744506836,-16.07079315185547,-14.661084175109863,-11.970857620239258,-8.861562728881836,-5.891499042510986,-3.3201868534088135,-1.2681857347488403,0,0
5167.9222352000015,-23.06092643737793,-17.517499923706055,-10.472796440124512,-2.9968831539154053,3.955277919769287,9.569926261901855,13.565187454223633,16.185781478881836,0,0
5168.249277700001,30.104591369628906,33.87575149536133,34.79027557373047,33.11472702026367,29.420413970947266,24.256290435791016,18.1680908203125,11.520323753356934,0,0
5168.259277700001,4.675220489501953,-1.8325320482254028,-7.6528120040893555,-12.572359085083008,-16.3586483001709,-18.994173049926758,-20.547470092773438,-20.884126663208008,0,0
5168.269277700001,-19.950136184692383,-17.998653411865234,-15.344132423400879,-12.211333274841309,-8.794787406921387,-5.142251968383789,-1.2038971185684204,2.6799323558807373,0,0
5168.279277700001,6.104727745056152,9.10689640045166,11.57815170288086,13.054784774780273,13.181138038635254,11.916961669921875,9.693492889404297,7.127890586853027,0,0
5168.289277700002,4.426493167877197,1.6105769872665405,-1.0366097688674927,-3.0161666870117188,-3.9296646118164062,-3.885915517807007,-3.4709267616271973,-3.315080404281616,0,0
5168.299277700002,-3.73917555809021,-4.70145845413208,-5.955745697021484,-7.326367378234863,-8.882791519165039,-10.37507152557373,-10.84405517578125,-9.290464401245117,0,0
5168.309277700002,-5.149142742156982,1.6244001388549805,10.292752265930176,19.403850555419922,27.2308349609375,32.224754333496094,33.33270263671875,30.10308265686035,0,0
5168.319277700002,22.812244415283203,12.401604652404785,0.3100142776966095,-11.716635704040527,-22.122051239013672,-29.693273544311523,-33.624298095703125,-33.70952606201172,0,0
5168.4319228,10.292752265930176,19.403850555419922,27.2308349609375,32.224754333496094,33.33270263671875,30.10308265686035,22.812244415283203,12.401604652404785,0,0
5168.441922800001,0.31001439690589905,-11.716634750366211,-22.122051239013672,-29.693273544311523,-33.624298095703125,-33.70952606201172,-30.219757080078125,-23.789291381835938,0,0
5168.451922800001,-15.356925964355469,-6.010871887207031,3.181783676147461,11.417332649230957,18.18414306640625,22.949796676635742,25.28346824645996,25.208480834960938,0,0
5168.461922800001,22.991178512573242,18.970657348632812,13.620306968688965,7.405869960784912,0.8558375239372253,-5.292352199554443,-10.312108039855957,-13.780632972717285,0,0
5168.471922800001,-15.562347412109375,-15.590216636657715,-13.971837043762207,-10.968145370483398,-6.94485330581665,-2.749539375305176,0.7335906028747559,3.309199333190918,0,0
5168.4819228000015,5.139807224273682,6.2788238525390625,6.635888576507568,6.057791709899902,4.525294303894043,2.1791203022003174,-0.6698489785194397,-3.4407873153686523,0,0
5168.491922800002,-5.823523044586182,-8.044889450073242,-10.20212173461914,-11.96858024597168,-12.97813892364502,-13.176838874816895,-12.78404712677002,-12.007201194763184,0,0
5168.501922800002,-10.890313148498535,-9.430625915527344,-7.647669792175293,-5.470230579376221,-2.8900980949401855,-0.10879455506801605,2.7501304149627686,5.802799224853516,0,0
5168.5835103,-2.9285778999328613,-4.768994331359863,-6.2289862632751465,-7.400821685791016,-8.343989372253418,-8.892677307128906,-8.683601379394531,-7.316761493682861,0,0
5168.5935103,6.057791709899902,4.525294303894043,2.1791203022003174,-0.6698489785194397,-3.4407873153686523,-5.823523044586182,-8.044889450073242,-10.20212173461914,0,0
5168.6035103,-11.214072227478027,-7.953168869018555,-4.138546466827393,-0.1424919217824936,3.933049440383911,7.768749237060547,10.590250968933105,11.908369064331055,0,0
5168.613510300001,-5.470230579376221,-2.8900980949401855,-0.10879454761743546,2.7501304149627686,5.802799224853516,9.11706829071045,12.529792785644531,15.849054336547852,0,0
5168.623510300001,7.201830863952637,8.565509796142578,9.175363540649414,8.639715194702148,6.889761447906494,4.161695957183838,0.5211687684059143,-3.7742388248443604,0,0
5168.633510300001,-11.683767318725586,-8.029687881469727,-4.207324504852295,-0.4947868287563324,3.000431537628174,6.134087085723877,8.770864486694336,10.907801628112793,0,0
5168.643510300001,-17.935941696166992,-16.606172561645508,-14.586357116699219,-11.985017776489258,-8.906923294067383,-5.692623615264893,-2.5985732078552246,0.263111412525177,0,0
5168.6535103000015,-1.5071269273757935,0.467171847820282,2.38154673576355,4.023409843444824,5.290525913238525,5.933324813842773,5.7427520751953125,4.873105049133301,0,0
5168.699012200001,3.248910427093506,6.4524335861206055,9.252336502075195,11.414205551147461,12.501333236694336,12.142754554748535,10.449064254760742,8.03647518157959,0,0
5168.709012200001,-7.386571884155273,-4.961215972900391,-1.8024957180023193,1.528720736503601,4.46351957321167,6.786054611206055,8.381978988647461,9.009465217590332,0,0
5168.719012200001,-14.586357116699219,-11.985017776489258,-8.906923294067383,-5.692623615264893,-2.5985732078552246,0.263111412525177,2.7501513957977295,4.643245697021484,0,0
5168.729012200001,-8.80868911743164,-8.724392890930176,-7.336591720581055,-4.473898887634277,-0.5576310753822327,3.6596086025238037,7.631465435028076,11.088353157043457,0,0
5168.7390122000015,10.579732894897461,9.962658882141113,8.654424667358398,6.824303150177002,4.630923748016357,2.150597333908081,-0.5855071544647217,-3.4792685508728027,0,0
5168.749012200002,-7.100718975067139,-11.9213228225708,-16.219280242919922,-19.54690933227539,-21.676223754882812,-22.563186645507812,-22.14208221435547,-20.466611862182617,0,0
5168.759012200002,12.177141189575195,14.108266830444336,14.869756698608398,14.249774932861328,12.421452522277832,9.812325477600098,6.830188274383545,3.9038286209106445,0,0
5168.769012200002,7.465347766876221,5.2914652824401855,2.64678955078125,-0.22509224712848663,-2.983124017715454,-5.518968105316162,-7.753529071807861,-9.308547973632812,0,0
5168.8328775,2.150597333908081,-0.5855071544647217,-3.4792685508728027,-6.2864227294921875,-8.654915809631348,-10.14130973815918,-10.45865535736084,-9.592440605163574,0,0
5168.8428775,-8.25680160522461,-6.100563049316406,-3.4032962322235107,-0.6071905493736267,1.7508516311645508,3.4168999195098877,4.348442554473877,4.518865585327148,0,0
5168.8528775,9.159713745117188,9.58797836303711,8.9823637008667,7.465347766876221,5.2914652824401855,2.64678955078125,-0.22509224712848663,-2.983124017715454,0,0
5168.862877500001,4.138614654541016,3.6774139404296875,3.340245246887207,2.976362705230713,2.566305637359619,2.2210769653320312,2.0549561977386475,2.144109010696411,0,0
5168.872877500001,-1.156666874885559,0.363088458776474,0.9866015911102295,1.0337086915969849,0.9213798642158508,0.7345650792121887,0.38819268345832825,0.010584048926830292,0,0
5168.882877500001,-0.23840458691120148,-0.378013551235199,-0.24916067719459534,0.46612247824668884,1.8551175594329834,3.8346810340881348,6.120668888092041,8.182781219482422,0,0
5168.892877500001,2.274721384048462,2.0831239223480225,1.36734139919281,0.13764484226703644,-1.417096734046936,-2.9908218383789062,-4.305105209350586,-5.1874823570251465,0,0
5168.9028775000015,-5.536343097686768,-5.415663242340088,-5.027776718139648,-4.491613864898682,-3.820108652114868,-3.000481128692627,-2.049844741821289,-0.9732267260551453,0,0
5168.9669881,0.9866014122962952,1.0337085723876953,0.9213796854019165,0.7345649003982544,0.3881925046443939,0.010583899915218353,-0.23840472102165222,-0.37801364064216614,0,0
5168.9769881,-3.5794267654418945,-1.975752830505371,-0.564321756362915,0.6080542802810669,1.6669118404388428,2.453503131866455,2.977735757827759,3.5724949836730957,0,0
5168.9869881,10.914111137390137,11.044439315795898,10.988847732543945,10.78647518157959,10.290660858154297,9.051702499389648,6.496066570281982,2.3267860412597656,0,0
5168.996988100001,4.2790656089782715,4.481204032897949,3.8767249584198,2.920546770095825,1.8207751512527466,0.6675147414207458,0.15692895650863647,0.8064096570014954,0,0
5169.006988100001,-12.768224716186523,-4.87476110458374,3.3697023391723633,11.068775177001953,17.201251983642578,20.927736282348633,21.910564422607422,20.449344635009766,0,0
5169.016988100001,2.002131223678589,2.814742088317871,3.131491184234619,3.3433690071105957,3.6471567153930664,3.9090685844421387,3.7490806579589844,3.0628538131713867,0,0
5169.026988100001,-14.208952903747559,-14.722404479980469,-13.798211097717285,-11.366926193237305,-7.538764476776123,-2.6503493785858154,2.748589277267456,8.027650833129883,0,0
5169.0369881000015,2.3142058849334717,1.8070532083511353,1.429402470588684,1.2208420038223267,1.135775089263916,0.6335724592208862,-0.5397707223892212,-2.0015146732330322,0,0
5169.099632400001,-4.4035820960998535,-4.296780586242676,-4.138973712921143,-4.04547119140625,-3.773510694503784,-3.3296408653259277,-2.871936559677124,-2.130652904510498,0,0
5169.109632400001,-0.7308881282806396,1.1613863706588745,2.7668368816375732,3.6250948905944824,4.255885601043701,5.391261100769043,7.592729568481445,11.072369575500488,0,0
5169.119632400001,15.124336242675781,18.264013290405273,19.180173873901367,17.33950424194336,12.668927192687988,5.479493618011475,-3.352402687072754,-12.650972366333008,0,0
5169.129632400001,-21.16221046447754,-27.683677673339844,-31.306184768676758,-31.636444091796875,-29.05545425415039,-24.420259475708008,-18.443918228149414,-11.566508293151855,0,0
5169.139632400002,-4.179963111877441,3.248206615447998,10.32571792602539,16.582372665405273,21.30974006652832,24.009252548217773,24.84145164489746,24.19558334350586,0,0
5169.149632400002,22.16984748840332,18.932912826538086,14.935746192932129,10.66395092010498,6.386375427246094,2.2075283527374268,-1.6057766675949097,-4.732779026031494,0,0
5169.159632400002,-7.055172443389893,-8.53001594543457,-9.126410484313965,-8.780277252197266,-7.479739189147949,-5.67596435546875,-3.8736088275909424,-2.066115617752075,0,0
5169.169632400002,-0.41677579283714294,0.46010255813598633,0.39069312810897827,-0.4923185706138611,-2.4322025775909424,-5.426419734954834,-8.86587905883789,-12.084181785583496,0,0
5169.46021,-17.9263973236084,-15.433467864990234,-12.645395278930664,-9.832609176635742,-7.290688514709473,-5.286125659942627,-3.6162939071655273,-1.838714361190796,0,0
5169.47021,0.1775006353855133,2.331752061843872,4.499482154846191,6.6438374519348145,8.78701400756836,10.867116928100586,12.728771209716797,13.960553169250488,0,0
5169.480210000001,14.025479316711426,12.861516952514648,10.72922420501709,7.889427661895752,4.787271976470947,1.7810570001602173,-0.9589860439300537,-3.225179672241211,0,0
5169.490210000001,-4.857927322387695,-5.641850471496582,-5.386842250823975,-4.317914962768555,-2.8798773288726807,-1.3836803436279297,-0.023222990334033966,1.0174124240875244,0,0
5169.500210000001,1.449355959892273,1.0495402812957764,-0.13435284793376923,-1.873931646347046,-3.8807852268218994,-5.900619029998779,-7.601731300354004,-8.534000396728516,0,0
5169.510210000001,-8.387829780578613,-7.002857208251953,-4.254898548126221,-0.11618587374687195,5.158860683441162,10.848738670349121,15.84206485748291,18.944570541381836,0,0
5169.5202100000015,19.354982376098633,16.96647071838379,12.199333190917969,5.722347259521484,-1.5463794469833374,-8.535811424255371,-14.360713958740234,-18.516624450683594,0,0
5169.530210000002,-20.82401466369629,-21.181804656982422,-19.605358123779297,-16.316768646240234,-11.541926383972168,-5.639857292175293,0.7479137778282166,7.031176567077637,0,0
5169.9934152000005,6.108095645904541,3.9419138431549072,1.4755146503448486,-1.2875789403915405,-4.166792869567871,-6.884512424468994,-9.154875755310059,-10.757272720336914,0,0
5170.003415200001,6.569299697875977,0.8837302327156067,-5.2917609214782715,-11.162407875061035,-16.100299835205078,-19.473033905029297,-20.6368408203125,-19.45583152770996,0,0
5170.013415200001,6.960075855255127,9.189595222473145,10.531277656555176,11.135740280151367,10.915851593017578,9.741064071655273,7.6505208015441895,4.818403244018555,0,0
5170.023415200001,-16.39482307434082,-12.183621406555176,-7.4616522789001465,-2.694300651550293,1.7030969858169556,5.5700249671936035,9.04359245300293,12.107583999633789,0,0
5170.033415200001,-16.3767032623291,-12.319952964782715,-5.922194480895996,1.8694837093353271,9.607088088989258,16.031497955322266,20.505672454833984,22.621511459350586,0,0
5170.043415200002,14.496611595153809,15.847563743591309,15.773493766784668,14.124667167663574,11.085323333740234,7.036992073059082,2.5801756381988525,-1.665152907371521,0,0
5170.053415200002,-9.179295539855957,-8.008782386779785,-6.045212745666504,-3.6604723930358887,-1.1661262512207031,1.4305962324142456,3.8379292488098145,5.360326766967773,0,0
5170.063415200002,-5.294585704803467,-7.979251861572266,-9.5996732711792,-10.331555366516113,-10.29588794708252,-9.45891284942627,-7.920215129852295,-6.0845441818237305,0,0
5170.333001200001,-3.7999267578125,-10.885881423950195,-17.289155960083008,-22.451915740966797,-25.952024459838867,-27.593618392944336,-27.352428436279297,-25.253562927246094,0,0
5170.343001200001,-21.480905532836914,-16.44840431213379,-10.706955909729004,-4.825656890869141,0.7693108320236206,5.738846778869629,9.74545669555664,12.656744003295898,0,0
5170.353001200001,14.571009635925293,15.533161163330078,15.558653831481934,14.750741004943848,13.201050758361816,11.085548400878906,8.59043025970459,5.644123554229736,0,0
5170.363001200001,2.2299861907958984,-1.34074068069458,-4.586187839508057,-6.877452373504639,-7.746054649353027,-7.20605993270874,-5.565301895141602,-3.196974754333496,0,0
5170.373001200001,-0.24692706763744354,3.2320659160614014,6.822820663452148,9.927693367004395,12.117459297180176,13.117506980895996,12.747653007507324,11.130260467529297,0,0
5170.383001200002,8.728606224060059,5.808335304260254,2.3916118144989014,-1.2772949934005737,-4.850122451782227,-7.959245204925537,-10.197603225708008,-11.390213966369629,0,0
5170.393001200002,-11.63121509552002,-11.241986274719238,-10.633241653442383,-9.956022262573242,-9.12477970123291,-8.075566291809082,-6.815052032470703,-5.358882904052734,0,0
5170.403001200002,-3.7889418601989746,-2.3807177543640137,-1.354016661643982,-0.5256580114364624,0.39361095428466797,1.573324203491211,3.271566390991211,5.513773441314697,0,0
5170.4821081,-8.075566291809082,-6.815051555633545,-5.358882427215576,-3.7889418601989746,-2.3807177543640137,-1.354016661643982,-0.5256580114364624,0.3936108946800232,0,0
5170.4921081,1.573324203491211,3.271566390991211,5.513773441314697,7.79783821105957,9.50110912322998,10.315991401672363,10.152359008789062,8.928938865661621,0,0
5170.5021081,6.798806190490723,4.145858287811279,1.349238634109497,-1.1997425556182861,-3.2579097747802734,-4.776118755340576,-5.644340515136719,-5.81030797958374,0,0
5170.512108100001,-5.440915584564209,-4.791234493255615,-4.194640636444092,-3.9070520401000977,-3.875039577484131,-3.8589439392089844,-3.5396320819854736,-2.6107022762298584,0,0
5170.522108100001,-0.8869618773460388,1.7868764400482178,5.398570537567139,9.422075271606445,12.76444149017334,14.31795597076416,13.550469398498535,10.700308799743652,0,0
5170.532108100001,6.622081279754639,2.0382795333862305,-2.5872251987457275,-6.676011085510254,-9.784055709838867,-11.789389610290527,-12.889636993408203,-13.430696487426758,0,0
5170.542108100001,-13.508538246154785,-12.994081497192383,-11.83988094329834,-10.10145378112793,-7.938220024108887,-5.634781360626221,-3.3298566341400146,-0.9371915459632874,0,0
5170.5521081000015,1.6471717357635498,4.478795528411865,7.403064250946045,10.069231986999512,12.291434288024902,14.025315284729004,15.167778015136719,15.618947982788086,0,0
5170.618646700001,7.245509624481201,7.449073791503906,7.173283576965332,5.949963092803955,3.8944051265716553,1.3427178859710693,-1.5067912340164185,-4.2955498695373535,0,0
5170.628646700001,-6.676011085510254,-9.784055709838867,-11.789389610290527,-12.889636993408203,-13.430696487426758,-13.508538246154785,-12.994081497192383,-11.83988094329834,0,0
5170.638646700001,-9.755123138427734,-7.470455169677734,-4.14482307434082,-0.8301942348480225,1.8958498239517212,3.8323872089385986,4.964234828948975,5.5914082527160645,0,0
5170.648646700001,8.511031150817871,7.8386335372924805,6.703588008880615,5.114173889160156,3.238741874694824,1.4814726114273071,0.6048869490623474,1.1407830715179443,0,0
5170.658646700002,10.305049896240234,7.468157768249512,4.504678249359131,1.7779762744903564,-0.49766746163368225,-2.2072646617889404,-3.455151081085205,-4.542990207672119,0,0
5170.668646700002,-11.017087936401367,-2.2526040077209473,6.260923862457275,13.789773941040039,19.761144638061523,23.988431930541992,26.549631118774414,27.573379516601562,0,0
5170.678646700002,-12.636658668518066,-9.705419540405273,-6.046624660491943,-2.0775134563446045,1.95258629322052,5.8121490478515625,9.163216590881348,11.665972709655762,0,0
5170.688646700002,-3.0065793991088867,-0.9551250338554382,-0.008259635418653488,-0.29095691442489624,-1.5057697296142578,-3.3688278198242188,-5.474790096282959,-7.271175384521484,0,0
5170.7486067,10.305049896240234,7.4681572914123535,4.504678249359131,1.777976155281067,-0.497667521238327,-2.2072646617889404,-3.455151081085205,-4.542990207672119,0,0
5170.7586067,-14.966979026794434,-10.499037742614746,-5.542473316192627,-0.05853810906410217,5.790180206298828,11.402766227722168,15.922061920166016,18.788063049316406,0,0
5170.7686067,19.71107292175293,18.572284698486328,15.779519081115723,11.923039436340332,7.406500339508057,2.680006742477417,-1.8429646492004395,-5.814119338989258,0,0
5170.778606700001,13.22696590423584,13.970373153686523,14.121676445007324,13.835980415344238,13.038093566894531,11.646140098571777,9.711204528808594,7.316613674163818,0,0
5170.788606700001,-4.617337703704834,-2.295189619064331,-0.16731838881969452,1.6477484703063965,3.1589481830596924,4.577230930328369,5.840618133544922,6.739734649658203,0,0
5170.798606700001,-0.5968982577323914,-1.987566590309143,-3.0491902828216553,-3.585085391998291,-3.6191279888153076,-3.3843228816986084,-3.227905035018921,-3.486024856567383,0,0
5170.808606700001,3.766044855117798,5.5440874099731445,6.471854209899902,6.633962154388428,6.239257335662842,5.7439656257629395,5.434650421142578,5.225549221038818,0,0
5170.8186067000015,1.3297451734542847,8.109244346618652,15.149678230285645,21.029146194458008,24.511152267456055,24.829526901245117,21.710384368896484,15.5188570022583,0,0
5170.8844903,-1.5341085195541382,-4.761656761169434,-7.905977249145508,-10.671849250793457,-12.893784523010254,-14.439947128295898,-15.197816848754883,-15.12845516204834,0,0
5170.8944903,1.426421046257019,-2.958129405975342,-6.782795429229736,-9.338623046875,-10.399201393127441,-10.09784984588623,-8.597918510437012,-6.2114410400390625,0,0
5170.9044903,-3.302851915359497,-0.17192697525024414,2.86818790435791,5.583446025848389,7.86898946762085,9.470293045043945,9.76725959777832,8.432655334472656,0,0
5170.914490300001,4.970822334289551,4.852872848510742,4.436619281768799,3.478174924850464,1.9173407554626465,-0.14602968096733093,-2.4693961143493652,-4.681427478790283,0,0
5170.924490300001,5.622833251953125,1.4720611572265625,-3.4798929691314697,-8.402125358581543,-12.800029754638672,-16.374832153320312,-18.93922233581543,-20.352094650268555,0,0
5170.934490300001,-2.4669549465179443,-0.6439779996871948,1.5555213689804077,3.8252058029174805,5.6733880043029785,6.925386905670166,7.763014316558838,8.308853149414062,0,0
5170.944490300001,-20.41166877746582,-19.00351905822754,-16.31147003173828,-12.695009231567383,-8.401567459106445,-3.7376630306243896,0.8187440037727356,4.841053485870361,0,0
5170.954490300001,-10.162261962890625,-13.29361629486084,-15.8026762008667,-17.2641658782959,-17.272056579589844,-15.685587882995605,-12.567150115966797,-8.244585990905762,0,0
5171.017005000001,0.8944488763809204,1.487017035484314,2.071929454803467,2.522254705429077,2.6250312328338623,2.275362253189087,1.2930340766906738,-0.4623775780200958,0,0
5171.027005000001,-0.6439779996871948,1.5555213689804077,3.8252058029174805,5.6733880043029785,6.925386905670166,7.763014316558838,8.308853149414062,8.472796440124512,0,0
5171.037005000001,-2.640308141708374,-4.817432403564453,-6.941684246063232,-8.683268547058105,-9.460066795349121,-9.279211044311523,-8.515768051147461,-7.274631023406982,0,0
5171.047005000001,-13.29361629486084,-15.8026762008667,-17.2641658782959,-17.272056579589844,-15.685587882995605,-12.567150115966797,-8.244585990905762,-3.100299119949341,0,0
5171.0570050000015,-5.527459621429443,-3.437847137451172,-1.269663691520691,0.7498378753662109,2.461235523223877,3.8633809089660645,4.944738864898682,5.569887161254883,0,0
5171.067005000002,22.893945693969727,19.69304084777832,15.099736213684082,9.68658447265625,4.14036226272583,-0.9460374712944031,-5.085789203643799,-7.970330238342285,0,0
5171.077005000002,5.676624298095703,5.301191806793213,4.500546455383301,3.4171037673950195,2.250837802886963,1.132528305053711,0.18561173975467682,-0.3504664897918701,0,0
5171.087005000002,-9.171847343444824,-11.484535217285156,-13.613771438598633,-15.302022933959961,-16.5615177154541,-17.37992286682129,-17.508039474487305,-16.728635787963867,0,0
5171.1522848,-3.0347180366516113,-3.3311243057250977,-2.8546652793884277,-1.7567421197891235,-0.08930309116840363,2.415149211883545,5.520662784576416,8.133420944213867,0,0
5171.162284800001,9.488813400268555,9.80298137664795,9.477846145629883,8.52901840209961,6.947859287261963,5.057183265686035,3.267076015472412,1.7412915229797363,0,0
5171.172284800001,0.49592968821525574,-0.5412296056747437,-1.6190694570541382,-2.6067726612091064,-3.063544988632202,-3.0629079341888428,-3.035902976989746,-3.1366450786590576,0,0
5171.182284800001,-3.1539509296417236,-2.9186630249023438,-2.4924914836883545,-1.9881466627120972,-1.5043889284133911,-1.0754976272583008,-0.7279102802276611,-0.6649271249771118,0,0
5171.192284800001,-1.0991398096084595,-2.048802614212036,-3.3043737411499023,-4.516761302947998,-5.479159832000732,-5.971787929534912,-5.616035461425781,-4.106561183929443,0,0
5171.2022848000015,-1.5523746013641357,1.2068538665771484,3.221935987472534,4.155429840087891,4.203577995300293,3.842215061187744,3.5478532314300537,3.6219258308410645,0,0
5171.212284800002,4.161684989929199,5.059543609619141,5.9680094718933105,6.652731895446777,7.202881813049316,7.376335144042969,6.669984817504883,5.192636489868164,0,0
5171.222284800002,3.5108866691589355,1.8979876041412354,0.3373062312602997,-1.051216721534729,-1.9920194149017334,-2.149749517440796,-1.1877691745758057,0.9037104249000549,0,0
5171.7009809,-10.360687255859375,-13.582549095153809,-15.81838321685791,-17.07044219970703,-17.37484359741211,-16.7371883392334,-15.196160316467285,-12.951309204101562,0,0
5171.7109809,6.63966703414917,6.572233200073242,5.9103193283081055,4.94443941116333,3.891613006591797,2.9738662242889404,2.277425527572632,1.7445591688156128,0,0
5171.7209809000005,-11.100759506225586,-7.6016387939453125,-3.111945152282715,2.307784080505371,8.329928398132324,14.443690299987793,20.29678726196289,25.449756622314453,0,0
5171.730980900001,2.5284128189086914,1.1995115280151367,-0.21494042873382568,-1.8157700300216675,-3.3763427734375,-4.682379245758057,-5.706394195556641,-6.495392799377441,0,0
5171.740980900001,-7.211696624755859,-11.474874496459961,-14.674369812011719,-16.958309173583984,-18.412353515625,-19.000730514526367,-18.629928588867188,-17.35298728942871,0,0
5171.750980900001,2.7110538482666016,5.574832916259766,8.536149024963379,11.482540130615234,13.97508716583252,15.482723236083984,15.707178115844727,14.586100578308105,0,0
5171.760980900001,-10.881053924560547,-12.570645332336426,-13.544859886169434,-13.731407165527344,-13.274175643920898,-12.223915100097656,-10.51921558380127,-8.201340675354004,0,0
5171.770980900002,16.736116409301758,12.960736274719238,7.840760231018066,1.9657739400863647,-4.073540687561035,-10.024750709533691,-15.784014701843262,-20.8729190826416,0,0
5172.246704,-14.45233154296875,-18.38266372680664,-21.579971313476562,-23.758617401123047,-24.880434036254883,-24.803022384643555,-23.389963150024414,-20.760906219482422,0,0
5172.256704,-17.036928176879883,-12.357069969177246,-7.065323352813721,-1.5869338512420654,3.5933520793914795,8.096315383911133,11.859402656555176,14.70695686340332,0,0
5172.266704000001,16.274782180786133,16.439075469970703,15.273698806762695,13.034795761108398,10.1930570602417,7.165582180023193,4.15630578994751,1.3090205192565918,0,0
5172.276704000001,-1.2411694526672363,-3.5254950523376465,-5.509303569793701,-6.977809429168701,-7.782639503479004,-7.7975382804870605,-7.088354587554932,-6.001026630401611,0,0
5172.286704000001,-4.629838943481445,-2.790949821472168,-0.5912867188453674,1.4781116247177124,2.869196891784668,3.332888603210449,3.093569040298462,2.5113391876220703,0,0
5172.296704000001,1.7817260026931763,1.0221391916275024,0.47711971402168274,0.5554604530334473,1.3983060121536255,2.7623350620269775,4.324048042297363,5.767726421356201,0,0
5172.306704000001,6.927927017211914,7.660877704620361,7.535999774932861,6.116602897644043,3.3376271724700928,-0.44349074363708496,-4.596655368804932,-8.613831520080566,0,0
5172.316704000002,-12.041447639465332,-14.329139709472656,-15.12044620513916,-14.336799621582031,-12.293642044067383,-9.517335891723633,-6.3066325187683105,-2.8832032680511475,0,0
5172.398254000001,1.478111743927002,2.869196891784668,3.3328888416290283,3.093569040298462,2.5113391876220703,1.7817260026931763,1.0221391916275024,0.47711965441703796,0,0
5172.408254000001,0.5554603934288025,1.398305892944336,2.7623348236083984,4.324047565460205,5.767726421356201,6.927927017211914,7.660877227783203,7.535999774932861,0,0
5172.418254000001,6.116602897644043,3.3376271724700928,-0.44349074363708496,-4.596655368804932,-8.613831520080566,-12.041447639465332,-14.329139709472656,-15.12044620513916,0,0
5172.428254000001,-14.336799621582031,-12.293642044067383,-9.517335891723633,-6.3066325187683105,-2.8832030296325684,0.5006722807884216,3.813873291015625,7.047272205352783,0,0
5172.4382540000015,10.024049758911133,12.627147674560547,14.80061149597168,16.474891662597656,17.5068302154541,17.62423324584961,16.7320499420166,14.9778413772583,0,0
5172.448254000002,12.413721084594727,9.007743835449219,4.856522560119629,0.30997234582901,-3.9060747623443604,-6.951055526733398,-8.454841613769531,-8.488821983337402,0,0
5172.458254000002,-7.275941848754883,-5.43028450012207,-3.9456372261047363,-3.599579334259033,-4.579404354095459,-6.59312105178833,-9.094176292419434,-11.480010032653809,0,0
5172.468254000002,-13.32441234588623,-14.417179107666016,-14.526864051818848,-13.320524215698242,-10.806282997131348,-7.404515743255615,-3.4446420669555664,0.7674769163131714,0,0
5172.5334975000005,-2.104539632797241,0.02875988744199276,1.8677598237991333,3.204335927963257,4.013635158538818,4.256256103515625,3.741111993789673,2.3779454231262207,0,0
5172.543497500001,-12.511846542358398,-9.804469108581543,-6.821972370147705,-3.747635841369629,-0.8044221997261047,1.7586555480957031,3.9783458709716797,5.964273452758789,0,0
5172.553497500001,13.296669006347656,14.636054992675781,15.163101196289062,14.856677055358887,13.682689666748047,11.569659233093262,8.52393913269043,4.900399208068848,0,0
5172.563497500001,1.149998664855957,0.5376104712486267,-0.14639785885810852,-0.6972804069519043,-1.1657918691635132,-1.7736719846725464,-2.457143545150757,-3.144566774368286,0,0
5172.573497500001,-6.917689323425293,-4.597164154052734,-1.897718071937561,0.6729682683944702,2.6993579864501953,4.207120418548584,5.37058687210083,6.052364826202393,0,0
5172.583497500002,3.4127981662750244,-1.1996876001358032,-6.367038726806641,-11.360836029052734,-15.670236587524414,-18.79204750061035,-20.274242401123047,-19.97482681274414,0,0
5172.593497500002,5.7740654945373535,7.000070571899414,7.625423431396484,7.548006534576416,6.73854398727417,5.341489315032959,3.700597047805786,2.1153476238250732,0,0
5172.603497500002,19.827377319335938,22.695009231567383,24.557756423950195,25.070844650268555,24.125080108642578,21.934083938598633,18.572261810302734,14.085947036743164,0,0
5172.669508,-11.887386322021484,-11.603479385375977,-9.855473518371582,-6.748477458953857,-2.6048524379730225,1.8574104309082031,5.749199867248535,8.451326370239258,0,0
5172.679508,-20.469161987304688,-20.62945556640625,-19.751562118530273,-17.92950439453125,-15.439852714538574,-12.655036926269531,-9.844030380249023,-7.302807331085205,0,0
5172.689508,-18.79204750061035,-20.274242401123047,-19.97482681274414,-17.879789352416992,-14.175328254699707,-9.320149421691895,-3.879002332687378,1.628214955329895,0,0
5172.699508000001,1.7876421213150024,-0.9521290063858032,-3.2183921337127686,-4.850998878479004,-5.634912014007568,-5.380528450012207,-4.312558650970459,-2.8752646446228027,0,0
5172.709508000001,-5.9035186767578125,-7.604944229125977,-8.537546157836914,-8.391485214233398,-7.0063395500183105,-4.258143901824951,-0.11921931803226471,5.156158447265625,0,0
5172.719508000001,-18.85520362854004,-22.84111213684082,-25.146636962890625,-25.56049346923828,-24.112136840820312,-21.047956466674805,-16.896446228027344,-12.308919906616211,0,0
5172.729508000001,-5.638566493988037,0.748944103717804,7.0319390296936035,12.787280082702637,17.616117477416992,21.132858276367188,23.033031463623047,23.20624351501465,0,0
5172.7395080000015,-16.926061630249023,-19.292034149169922,-19.800405502319336,-18.545209884643555,-15.855202674865723,-12.250991821289062,-8.224077224731445,-4.114038944244385,0,0
5172.799674700001,-1.1339504718780518,-4.195558071136475,-6.974995136260986,-9.410481452941895,-11.533928871154785,-13.358938217163086,-14.690037727355957,-15.348406791687012,0,0
5172.809674700001,-25.146636962890625,-25.56049346923828,-24.112136840820312,-21.047956466674805,-16.896446228027344,-12.308918952941895,-7.713099956512451,-3.319685697555542,0,0
5172.819674700001,5.349959373474121,3.704780340194702,2.0543363094329834,0.6222364902496338,-0.3941603899002075,-1.033355474472046,-1.4512680768966675,-1.751157283782959,0,0
5172.829674700001,17.848384857177734,16.356691360473633,14.336538314819336,11.708595275878906,8.39963436126709,4.740279197692871,1.3639191389083862,-1.4555432796478271,0,0
5172.8396747000015,0.9686657190322876,1.070876121520996,0.7392025589942932,0.24449464678764343,-0.3053819537162781,-0.8813228607177734,-1.335938811302185,-1.422082781791687,0,0
5172.849674700002,2.3293778896331787,0.3231968879699707,-1.9234446287155151,-4.178155899047852,-6.180935382843018,-7.496523857116699,-7.843299388885498,-7.227142810821533,0,0
5172.859674700002,12.346379280090332,17.34735679626465,20.505767822265625,21.434480667114258,20.47332763671875,18.171916961669922,14.848875045776367,10.384221076965332,0,0
5172.869674700002,7.5170369148254395,8.901116371154785,9.789787292480469,10.18053913116455,9.96982192993164,9.108402252197266,7.785575866699219,6.149229526519775,0,0
5172.9353342,-13.579465866088867,-13.091493606567383,-12.012157440185547,-10.730347633361816,-9.469442367553711,-8.094701766967773,-6.167921543121338,-3.201002359390259,0,0
5172.945334200001,-6.4514994621276855,-7.611211776733398,-7.858153343200684,-7.286662578582764,-5.892320156097412,-3.948251247406006,-1.8445864915847778,0.12270791083574295,0,0
5172.955334200001,1.5345711708068848,1.8335703611373901,0.7000088095664978,-1.591166377067566,-4.324887275695801,-6.970036506652832,-9.152820587158203,-10.276944160461426,0,0
5172.965334200001,-29.88930892944336,-27.293392181396484,-21.93736457824707,-14.645818710327148,-6.353850364685059,2.0053601264953613,9.500321388244629,15.286876678466797,0,0
5172.975334200001,18.952632904052734,20.709501266479492,21.23240089416504,21.266727447509766,21.26274871826172,21.10829734802246,19.877790451049805,16.493656158447266,0,0
5172.9853342000015,-9.755123138427734,-7.470454692840576,-4.14482307434082,-0.8301939368247986,1.8958500623703003,3.8323872089385986,4.964234828948975,5.591407775878906,0,0
5172.995334200002,6.035207748413086,6.340803146362305,6.603453159332275,7.054996490478516,7.7498674392700195,8.473834037780762,8.888129234313965,8.861772537231445,0,0
5173.005334200002,19.623334884643555,23.883651733398438,26.276365280151367,26.636474609375,24.971994400024414,21.750627517700195,17.67829704284668,13.382309913635254,0,0
5173.0684173,20.709501266479492,21.23240089416504,21.266727447509766,21.26274871826172,21.10829734802246,19.877790451049805,16.493656158447266,10.689689636230469,0,0
5173.0784173,2.885549783706665,-6.069997310638428,-14.96900749206543,-22.72178077697754,-28.632217407226562,-32.3262939453125,-33.673091888427734,-32.66244125366211,0,0
5173.0884173,-29.396881103515625,-24.07930564880371,-17.143766403198242,-9.332356452941895,-1.2927727699279785,6.554864406585693,13.715993881225586,19.623334884643555,0,0
5173.098417300001,23.883651733398438,26.276365280151367,26.636474609375,24.971994400024414,21.750627517700195,17.67829704284668,13.382309913635254,9.476716041564941,0,0
5173.108417300001,6.314592361450195,3.8251380920410156,1.6112291812896729,-0.8302261233329773,-3.6136651039123535,-6.327970504760742,-8.395736694335938,-9.510075569152832,0,0
5173.118417300001,-9.759634971618652,-9.43832015991211,-8.888299942016602,-8.377968788146973,-8.056023597717285,-7.941408634185791,-7.894374370574951,-7.427619934082031,0,0
5173.128417300001,-5.878255367279053,-3.1025874614715576,0.5507950782775879,4.483615875244141,7.837226390838623,9.792364120483398,9.859947204589844,8.181875228881836,0,0
5173.1384173000015,5.562983512878418,2.9081637859344482,0.7561978697776794,-0.648102343082428,-1.2285573482513428,-1.1956003904342651,-0.9381617903709412,-0.5950952768325806,0,0
5173.273056,-9.43832015991211,-8.888299942016602,-8.377968788146973,-8.056023597717285,-7.941408634185791,-7.894374370574951,-7.4276204109191895,-5.878255844116211,0,0
5173.283056,-3.1025876998901367,0.5507948994636536,4.483615875244141,7.837226390838623,9.792364120483398,9.859947204589844,8.181875228881836,5.562983512878418,0,0
5173.293056,2.9081637859344482,0.7561979293823242,-0.6481022238731384,-1.2285572290420532,-1.195600152015686,-0.9381615519523621,-0.5950950384140015,-0.06408800929784775,0,0
5173.303056000001,0.6959940791130066,1.7607359886169434,3.325038194656372,5.380411148071289,7.471012592315674,9.027680397033691,9.764196395874023,9.603676795959473,0,0
5173.313056000001,8.635863304138184,7.095401763916016,5.095011234283447,2.6207778453826904,-0.3484039008617401,-3.8611366748809814,-7.891759395599365,-12.279452323913574,0,0
5173.323056000001,-16.69900894165039,-20.642255783081055,-23.638818740844727,-25.32425880432129,-25.468408584594727,-24.165163040161133,-21.846736907958984,-19.081684112548828,0,0
