5572.757894,0.41295480728149414,0.31836238503456116,0.3142709732055664,0.29822057485580444,0.3747768998146057,0.3282821774482727,0.27126529812812805,0.27990829944610596,3.595287561416626,2.843031406402588,1.3452792167663574,2.4919803142547607,2.3382647037506104,1.374596118927002,2.2342734336853027,2.244079351425171,5.658677101135254,4.790745258331299,1.6469436883926392,4.556666374206543,4.438625335693359,2.1000077724456787,3.2396645545959473,3.262787342071533,4.004624843597412,3.171786069869995,2.1759090423583984,2.624199390411377,3.4960005283355713,3.2499849796295166,2.8098576068878174,2.8463144302368164,0.14786560833454132,0.13549348711967468,0.167375847697258,0.14116664230823517,0.15039686858654022,0.11399000883102417,0.1067594364285469,0.10774395614862442,start_session_zensync,0
5572.7678940000005,0.40439605712890625,0.32710158824920654,0.3022741675376892,0.2925005257129669,0.36459097266197205,0.3107236325740814,0.26389050483703613,0.27126529812812805,3.5803470611572266,2.887354612350464,1.3191678524017334,2.5089635848999023,2.3162078857421875,1.3305448293685913,2.2248103618621826,2.2342734336853027,5.704102516174316,4.940504550933838,1.6302788257598877,4.677055358886719,4.396991729736328,2.0260822772979736,3.2181448936462402,3.2396645545959473,3.986694097518921,3.2070252895355225,2.1347389221191406,2.7489330768585205,3.421314239501953,3.1501307487487793,2.77537202835083,2.8098576068878174,0.14454418420791626,0.13478030264377594,0.16596770286560059,0.13876749575138092,0.1457694172859192,0.1176852434873581,0.10709673911333084,0.1067594364285469,['fadeout'],0
5572.777894000001,0.3802165985107422,0.3252743184566498,0.2938205897808075,0.2842841148376465,0.35327672958374023,0.3079527020454407,0.25245171785354614,0.26389050483703613,3.583170175552368,2.9368274211883545,1.2997376918792725,2.534365177154541,2.297869920730591,1.2805521488189697,2.2313287258148193,2.2248103618621826,5.7305707931518555,5.072080135345459,1.619080662727356,4.783003330230713,4.355721950531006,1.9709933996200562,3.183609962463379,3.2181448936462402,3.9690027236938477,3.247178792953491,2.096221685409546,2.867119789123535,3.3522391319274902,3.0485851764678955,2.7411532402038574,2.77537202835083,0.1460382044315338,0.1389501690864563,0.1677076369524002,0.13935965299606323,0.14518757164478302,0.11626750975847244,0.11013324558734894,0.10709673911333084,0,0
5572.787894000001,0.35414919257164,0.3138001263141632,0.2924630343914032,0.28607943654060364,0.33031097054481506,0.2963849902153015,0.24557702243328094,0.25245171785354614,3.5924501419067383,3.0072484016418457,1.2881851196289062,2.5725343227386475,2.299196243286133,1.2483264207839966,2.241373300552368,2.2313287258148193,5.7537126541137695,5.192240238189697,1.6152509450912476,4.8822712898254395,4.299851417541504,1.9148064851760864,3.1487793922424316,3.183609962463379,3.9450509548187256,3.3072092533111572,2.0539116859436035,2.990715265274048,3.2837483882904053,2.947380542755127,2.705507516860962,2.7411532402038574,0.14347779750823975,0.1497134268283844,0.16452322900295258,0.14608314633369446,0.14403179287910461,0.11661887168884277,0.10828763246536255,0.11013324558734894,0,0
5572.797894000001,0.3460243344306946,0.3085261881351471,0.2924826145172119,0.2815719544887543,0.31270134449005127,0.286033034324646,0.23395802080631256,0.24557702243328094,3.594658613204956,3.080125093460083,1.2793986797332764,2.606654167175293,2.303011417388916,1.2243077754974365,2.2494542598724365,2.241373300552368,5.760214805603027,5.306484222412109,1.6139432191848755,4.967347145080566,4.246913433074951,1.8661417961120605,3.101452112197876,3.1487793922424316,3.928795099258423,3.3680381774902344,2.0116028785705566,3.107292652130127,3.2169954776763916,2.8470773696899414,2.6747078895568848,2.705507516860962,0.14335140585899353,0.14848047494888306,0.16596367955207825,0.14795011281967163,0.14018234610557556,0.11186574399471283,0.11042290180921555,0.10828763246536255,0,0
5572.807894000001,0.3557019531726837,0.2949613928794861,0.28890982270240784,0.2765520215034485,0.30759334564208984,0.27344539761543274,0.23318985104560852,0.23395802080631256,3.6037628650665283,3.1434552669525146,1.272060513496399,2.6446938514709473,2.3067123889923096,1.193838357925415,2.2628891468048096,2.2494542598724365,5.753275394439697,5.386712551116943,1.6148896217346191,5.017445087432861,4.178972244262695,1.8136553764343262,3.049633741378784,3.101452112197876,3.899144172668457,3.450396776199341,1.9688270092010498,3.2410974502563477,3.160482406616211,2.753089427947998,2.6375248432159424,2.6747078895568848,0.14235123991966248,0.15675796568393707,0.16881948709487915,0.1505746841430664,0.14006108045578003,0.1063225269317627,0.10977941751480103,0.11042290180921555,0,0
5572.817894000002,0.3534134328365326,0.3060815632343292,0.28882792592048645,0.2816736102104187,0.3155449628829956,0.2653883397579193,0.2232072502374649,0.23318985104560852,3.6024293899536133,3.2129745483398438,1.260930061340332,2.6872007846832275,2.3195133209228516,1.1689611673355103,2.260533332824707,2.2628891468048096,5.746784687042236,5.450335502624512,1.6111676692962646,5.060545921325684,4.106826305389404,1.764407753944397,2.9992516040802,3.049633741378784,3.881147623062134,3.537611961364746,1.928876280784607,3.372603416442871,3.0966038703918457,2.6723504066467285,2.6120777130126953,2.6375248432159424,0.1469087153673172,0.16216765344142914,0.16757650673389435,0.1521974503993988,0.13358564674854279,0.10566308349370956,0.11257702112197876,0.10977941751480103,0,0
5572.827894000002,0.35424870252609253,0.31100526452064514,0.29096734523773193,0.27282166481018066,0.30599212646484375,0.2857517898082733,0.23927395045757294,0.2232072502374649,3.5660314559936523,3.27034592628479,1.2464874982833862,2.7059967517852783,2.3115155696868896,1.150211215019226,2.2306575775146484,2.260533332824707,5.710249423980713,5.503894805908203,1.6061487197875977,5.0881571769714355,4.039525985717773,1.6962339878082275,2.9273881912231445,2.9992516040802,3.8549883365631104,3.625736713409424,1.8869459629058838,3.5044546127319336,3.0520646572113037,2.606760263442993,2.5762269496917725,2.6120777130126953,0.14269877970218658,0.1616949588060379,0.17074596881866455,0.15324579179286957,0.13730362057685852,0.11116326600313187,0.11321640759706497,0.11257702112197876,0,0
5572.8941033,0.37077605724334717,0.3154732584953308,0.2910776138305664,0.29280322790145874,0.3204858601093292,0.32908788323402405,0.2637520730495453,0.23927395045757294,3.519602060317993,3.2896602153778076,1.2363134622573853,2.6943087577819824,2.268719434738159,1.1303455829620361,2.198214530944824,2.2306575775146484,5.665585517883301,5.520716190338135,1.6026171445846558,5.078227996826172,3.9450323581695557,1.6114100217819214,2.854578733444214,2.9273881912231445,3.814905881881714,3.737062692642212,1.8512754440307617,3.6609914302825928,2.9994635581970215,2.5318031311035156,2.5340933799743652,2.5762269496917725,0.1389937698841095,0.16861769556999207,0.17146702110767365,0.1569294035434723,0.13630913197994232,0.10562818497419357,0.10758998245000839,0.11321640759706497,0,0
5572.9041033,0.36837297677993774,0.3421935737133026,0.2936454117298126,0.326058954000473,0.34521904587745667,0.3636929988861084,0.26823487877845764,0.2637520730495453,3.4841904640197754,3.292253255844116,1.2323582172393799,2.6814513206481934,2.225471019744873,1.1162259578704834,2.1702499389648438,2.198214530944824,5.623064041137695,5.514750957489014,1.5906095504760742,5.057927131652832,3.8501741886138916,1.5322202444076538,2.7856040000915527,2.854578733444214,3.7845211029052734,3.8388383388519287,1.8146368265151978,3.8075478076934814,2.9399235248565674,2.4674599170684814,2.4995627403259277,2.5340933799743652,0.1402445286512375,0.16869968175888062,0.1705664098262787,0.1513407826423645,0.12788714468479156,0.1047426164150238,0.10830027610063553,0.10758998245000839,0,0
5572.9141033000005,0.3492506444454193,0.3575079143047333,0.3000235855579376,0.3424663841724396,0.34162095189094543,0.37738096714019775,0.26964056491851807,0.26823487877845764,3.4464051723480225,3.2956948280334473,1.2273025512695312,2.6654248237609863,2.1852173805236816,1.1409947872161865,2.13459849357605,2.1702499389648438,5.563240051269531,5.512282848358154,1.5799546241760254,5.043353080749512,3.7626900672912598,1.4370319843292236,2.702575922012329,2.7856040000915527,3.738037586212158,3.939775228500366,1.7763495445251465,3.9518120288848877,2.8954811096191406,2.4063422679901123,2.4493861198425293,2.4995627403259277,0.13521690666675568,0.16787374019622803,0.17417901754379272,0.14990119636058807,0.12758125364780426,0.10951167345046997,0.10924247652292252,0.10830027610063553,0,0
5572.924103300001,0.3334103524684906,0.34852421283721924,0.3004904091358185,0.34553954005241394,0.33425402641296387,0.40322592854499817,0.2781631052494049,0.26964056491851807,3.4075076580047607,3.2844107151031494,1.2261525392532349,2.632171630859375,2.1359429359436035,1.1861317157745361,2.092968702316284,2.13459849357605,5.5073466300964355,5.494996547698975,1.5750362873077393,5.015443325042725,3.661515235900879,1.3398807048797607,2.621697187423706,2.702575922012329,3.6942365169525146,4.0461649894714355,1.7423709630966187,4.099077224731445,2.8363773822784424,2.4695358276367188,2.40006422996521,2.4493861198425293,0.12831364572048187,0.17455145716667175,0.17867188155651093,0.15569539368152618,0.12402553856372833,0.10645202547311783,0.10552497953176498,0.10924247652292252,0,0
5572.934103300001,0.3209361732006073,0.34344246983528137,0.2879440486431122,0.35723572969436646,0.3321695625782013,0.43583372235298157,0.28193604946136475,0.2781631052494049,3.387293577194214,3.255139112472534,1.2379322052001953,2.5783851146698,2.084575891494751,1.2316672801971436,2.0592293739318848,2.092968702316284,5.451394081115723,5.45889139175415,1.558215856552124,4.9666008949279785,3.5663697719573975,1.2875357866287231,2.547569990158081,2.621697187423706,3.6489644050598145,4.1310906410217285,1.7001878023147583,4.223681926727295,2.780400514602661,2.570699453353882,2.479548215866089,2.40006422996521,0.13174426555633545,0.1724555790424347,0.17936204373836517,0.15322443842887878,0.11595936119556427,0.10113547742366791,0.10641249269247055,0.10552497953176498,0,0
5572.944103300001,0.30950355529785156,0.33384692668914795,0.28219953179359436,0.3795590400695801,0.3322563171386719,0.4610121548175812,0.28445154428482056,0.28193604946136475,3.3615057468414307,3.235952615737915,1.2438966035842896,2.520510673522949,2.0361597537994385,1.275712490081787,2.0294697284698486,2.0592293739318848,5.408157825469971,5.433036804199219,1.5487147569656372,4.914817810058594,3.4844884872436523,1.3401390314102173,2.477997303009033,2.547569990158081,3.6132843494415283,4.21672248840332,1.6635092496871948,4.326737403869629,2.7351996898651123,2.6687545776367188,2.5652596950531006,2.479548215866089,0.13784582912921906,0.17380878329277039,0.176078200340271,0.15323977172374725,0.11628095805644989,0.09769566357135773,0.10376961529254913,0.10641249269247055,0,0
5572.954103300001,0.32814934849739075,0.3202301859855652,0.2932741045951843,0.39423868060112,0.34602177143096924,0.47276657819747925,0.2920326292514801,0.28445154428482056,3.325580358505249,3.2315118312835693,1.2425559759140015,2.468520402908325,1.9840389490127563,1.3270076513290405,2.0000786781311035,2.0294697284698486,5.3799638748168945,5.412585735321045,1.5602505207061768,4.866811752319336,3.421874761581421,1.3973195552825928,2.416660785675049,2.477997303009033,3.5779643058776855,4.299265384674072,1.6219897270202637,4.424036026000977,2.7040035724639893,2.7666006088256836,2.6469790935516357,2.5652596950531006,0.1340736746788025,0.1720466911792755,0.18177475035190582,0.15301117300987244,0.11671002954244614,0.09480246156454086,0.09814025461673737,0.10376961529254913,0,0
5572.964103300002,0.360842764377594,0.30775779485702515,0.3075634837150574,0.39386025071144104,0.36725038290023804,0.4743878245353699,0.2955470085144043,0.2920326292514801,3.2952194213867188,3.2273905277252197,1.2424157857894897,2.414342164993286,1.934448003768921,1.3850090503692627,1.9701991081237793,2.0000786781311035,5.348048686981201,5.39235258102417,1.5736827850341797,4.8103556632995605,3.370053768157959,1.449819803237915,2.404832124710083,2.416660785675049,3.5539169311523438,4.374069690704346,1.579663634300232,4.501513481140137,2.677483320236206,2.851837635040283,2.7196273803710938,2.6469790935516357,0.13119572401046753,0.16922888159751892,0.18507835268974304,0.14775507152080536,0.11242932826280594,0.09104592353105545,0.0985141396522522,0.09814025461673737,0,0
5573.0260919,0.37297919392585754,0.29951703548431396,0.30970460176467896,0.38115963339805603,0.37229013442993164,0.4703575372695923,0.29242971539497375,0.2955470085144043,3.2418835163116455,3.2256460189819336,1.2295907735824585,2.3494577407836914,1.8764631748199463,1.4477840662002563,1.9270206689834595,1.9701991081237793,5.347065448760986,5.382990837097168,1.5889866352081299,4.740540027618408,3.3361568450927734,1.4850711822509766,2.3772389888763428,2.404832124710083,3.5732975006103516,4.452295780181885,1.543019413948059,4.560492038726807,2.716718912124634,2.9149553775787354,2.788564682006836,2.7196273803710938,0.1454530507326126,0.1724289059638977,0.17816680669784546,0.15007992088794708,0.11603271961212158,0.09268069267272949,0.10296477377414703,0.0985141396522522,0,0
5573.0360919,0.3804815709590912,0.29586002230644226,0.3148079812526703,0.37530747056007385,0.38130536675453186,0.4759560823440552,0.3012559413909912,0.29242971539497375,3.1426374912261963,3.2265477180480957,1.2001293897628784,2.2723238468170166,1.792974829673767,1.5061564445495605,1.86979079246521,1.9270206689834595,5.364872455596924,5.380281925201416,1.6182469129562378,4.666450500488281,3.339625358581543,1.4983469247817993,2.3472297191619873,2.3772389888763428,3.5498852729797363,4.5283894538879395,1.4964878559112549,4.620121002197266,2.7539048194885254,2.9699604511260986,2.867927312850952,2.788564682006836,0.1450754851102829,0.1664428561925888,0.18195216357707977,0.1506984978914261,0.12302441895008087,0.09319761395454407,0.09598912298679352,0.10296477377414703,0,0
5573.046091900001,0.4201846122741699,0.28392550349235535,0.31936579942703247,0.3760026693344116,0.4083651900291443,0.4810705780982971,0.31049638986587524,0.3012559413909912,3.0277013778686523,3.218888521194458,1.1731840372085571,2.1941816806793213,1.695533037185669,1.5607858896255493,1.8157323598861694,1.86979079246521,5.368121147155762,5.378645896911621,1.6449816226959229,4.598153114318848,3.3521289825439453,1.5095700025558472,2.319911479949951,2.3472297191619873,3.511939525604248,4.607411861419678,1.4687761068344116,4.681784152984619,2.8053934574127197,3.020190715789795,2.942335605621338,2.867927312850952,0.1412312239408493,0.16189683973789215,0.1862180083990097,0.14535923302173615,0.11622799932956696,0.09284457564353943,0.09070593118667603,0.09598912298679352,0,0
5573.056091900001,0.44853121042251587,0.26759040355682373,0.31477829813957214,0.3699195683002472,0.42947888374328613,0.4652644097805023,0.30998581647872925,0.31049638986587524,2.92525053024292,3.2005953788757324,1.1560972929000854,2.1249425411224365,1.6091556549072266,1.6322767734527588,1.7710191011428833,1.8157323598861694,5.379591941833496,5.385420799255371,1.6639848947525024,4.52881383895874,3.366320848464966,1.513500452041626,2.28602933883667,2.319911479949951,3.4708573818206787,4.687506675720215,1.4795228242874146,4.737193584442139,2.8504600524902344,3.050313949584961,3.014707088470459,2.942335605621338,0.14279450476169586,0.16357329487800598,0.18417933583259583,0.1422235369682312,0.11036878079175949,0.09395969659090042,0.09065424650907516,0.09070593118667603,0,0
5573.066091900001,0.4467927813529968,0.26897913217544556,0.3076932430267334,0.3530653715133667,0.42996010184288025,0.43586137890815735,0.29940032958984375,0.30998581647872925,2.829191207885742,3.1771628856658936,1.1415305137634277,2.0620296001434326,1.5446194410324097,1.716783046722412,1.729874849319458,1.7710191011428833,5.398538112640381,5.407880783081055,1.682026982307434,4.453599452972412,3.39776873588562,1.501099944114685,2.2756431102752686,2.28602933883667,3.4282596111297607,4.754706859588623,1.4867256879806519,4.795505046844482,2.8983607292175293,3.0824079513549805,3.0915491580963135,3.014707088470459,0.1375924050807953,0.1528678834438324,0.18274344503879547,0.14288462698459625,0.11169524490833282,0.0938025638461113,0.0880856141448021,0.09065424650907516,0,0
5573.076091900001,0.4447638690471649,0.29116010665893555,0.3062517046928406,0.3336367905139923,0.41764557361602783,0.40969592332839966,0.28759509325027466,0.29940032958984375,2.7331109046936035,3.1547036170959473,1.1300804615020752,2.000417947769165,1.5008225440979004,1.7970398664474487,1.6892619132995605,1.729874849319458,5.403724193572998,5.437423229217529,1.6939585208892822,4.381044387817383,3.4333534240722656,1.4885870218276978,2.2647223472595215,2.2756431102752686,3.565535306930542,4.808025360107422,1.4939582347869873,4.855354309082031,2.9698259830474854,3.1124801635742188,3.1629574298858643,3.0915491580963135,0.13783706724643707,0.15552131831645966,0.18507841229438782,0.1419365108013153,0.10844498127698898,0.090828076004982,0.08809295296669006,0.0880856141448021,0,0
5573.0860919000015,0.45449185371398926,0.30043265223503113,0.3174895942211151,0.31710097193717957,0.4119093120098114,0.39351126551628113,0.2796693742275238,0.28759509325027466,2.6321403980255127,3.1205756664276123,1.1304233074188232,1.940200686454773,1.4624006748199463,1.8746751546859741,1.6455429792404175,1.6892619132995605,5.392314434051514,5.46647834777832,1.6939327716827393,4.315517425537109,3.46006441116333,1.479864478111267,2.24743390083313,2.2647223472595215,3.6841859817504883,4.8565473556518555,1.4900016784667969,4.909910678863525,3.038356065750122,3.1385340690612793,3.223374366760254,3.1629574298858643,0.13150155544281006,0.1647401601076126,0.18131521344184875,0.14222973585128784,0.10446208715438843,0.08837850391864777,0.08319342881441116,0.08809295296669006,0,0
5573.096091900002,0.46569451689720154,0.30548620223999023,0.32380199432373047,0.3123012185096741,0.4004157781600952,0.391164630651474,0.2735230028629303,0.2796693742275238,2.5364842414855957,3.040510654449463,1.1263567209243774,1.8727614879608154,1.4303990602493286,1.9563559293746948,1.6036111116409302,1.6455429792404175,5.381014823913574,5.528479099273682,1.694023609161377,4.264831066131592,3.490063190460205,1.4687219858169556,2.230440616607666,2.24743390083313,3.7917938232421875,4.863150119781494,1.4862620830535889,4.950597286224365,3.108220338821411,3.170839548110962,3.277570962905884,3.223374366760254,0.12554286420345306,0.16091406345367432,0.17878393828868866,0.1342802345752716,0.10403500497341156,0.08830604702234268,0.08033467829227448,0.08319342881441116,0,0
5573.1606184,0.46981969475746155,0.34700918197631836,0.32189521193504333,0.30911070108413696,0.37666717171669006,0.39095842838287354,0.2639180123806,0.2735230028629303,2.4534871578216553,2.9501430988311768,1.1135427951812744,1.8084043264389038,1.433972716331482,2.0341262817382812,1.5678586959838867,1.6036111116409302,5.3657355308532715,5.603760242462158,1.6862280368804932,4.219925880432129,3.5207407474517822,1.4572372436523438,2.2112014293670654,2.230440616607666,3.8910884857177734,4.8518171310424805,1.4701519012451172,4.984942436218262,3.1851437091827393,3.2041468620300293,3.3259341716766357,3.277570962905884,0.12313815206289291,0.1636585295200348,0.18048429489135742,0.1329074203968048,0.10443916916847229,0.08389764279127121,0.0798753872513771,0.08033467829227448,0,0
5573.1706184,0.4575980603694916,0.36742013692855835,0.3227401077747345,0.2971976697444916,0.35281869769096375,0.38743650913238525,0.24710410833358765,0.2639180123806,2.3859784603118896,2.871929168701172,1.102687120437622,1.7522084712982178,1.4436514377593994,2.1040637493133545,1.5378309488296509,1.5678586959838867,5.337275505065918,5.665099143981934,1.6699504852294922,4.176275730133057,3.5464890003204346,1.449678659439087,2.187119960784912,2.2112014293670654,3.9671499729156494,4.82951021194458,1.4490976333618164,5.009675979614258,3.2574167251586914,3.2374393939971924,3.363107204437256,3.3259341716766357,0.12285663187503815,0.17297916114330292,0.17764253914356232,0.13512372970581055,0.09984040260314941,0.08333432674407959,0.07662643492221832,0.0798753872513771,0,0
5573.180618400001,0.44198235869407654,0.37126731872558594,0.32286369800567627,0.2890265882015228,0.33075064420700073,0.3802599608898163,0.23306170105934143,0.24710410833358765,2.3263344764709473,2.7995946407318115,1.0918326377868652,1.700217366218567,1.451528549194336,2.168809413909912,1.5095798969268799,1.5378309488296509,5.312798976898193,5.730718612670898,1.6550302505493164,4.142580986022949,3.57173752784729,1.4448992013931274,2.16528582572937,2.187119960784912,4.024616718292236,4.775242805480957,1.4285794496536255,5.018406391143799,3.3250913619995117,3.2770893573760986,3.3946220874786377,3.363107204437256,0.11902493238449097,0.16389857232570648,0.17700400948524475,0.12678082287311554,0.0926022008061409,0.08103777468204498,0.07424581050872803,0.07662643492221832,0,0
5573.190618400001,0.4222981035709381,0.3820381760597229,0.3266073167324066,0.28447097539901733,0.3084619641304016,0.37428566813468933,0.22448234260082245,0.23306170105934143,2.2798855304718018,2.729048252105713,1.0857088565826416,1.651818037033081,1.456336259841919,2.2320492267608643,1.4940555095672607,1.5095798969268799,5.275583267211914,5.803822040557861,1.6406981945037842,4.114460468292236,3.5973458290100098,1.4381266832351685,2.13230299949646,2.16528582572937,4.066343784332275,4.712611675262451,1.4120380878448486,5.022511005401611,3.388321876525879,3.3183083534240723,3.4117794036865234,3.3946220874786377,0.12633229792118073,0.16438597440719604,0.17756830155849457,0.1250663548707962,0.09011305123567581,0.07931170612573624,0.08097381889820099,0.07424581050872803,0,0
5573.200618400001,0.4214634299278259,0.3762045204639435,0.3346695899963379,0.26514673233032227,0.29951661825180054,0.37780800461769104,0.23256151378154755,0.22448234260082245,2.2635152339935303,2.680806875228882,1.084399938583374,1.6250120401382446,1.4732848405838013,2.301617383956909,1.495592474937439,1.4940555095672607,5.22429084777832,5.858985900878906,1.6294267177581787,4.077004432678223,3.608457326889038,1.421352505683899,2.09411883354187,2.13230299949646,4.078957557678223,4.637381076812744,1.3959546089172363,5.008738040924072,3.4355015754699707,3.346721649169922,3.4155914783477783,3.4117794036865234,0.12983985245227814,0.1677752435207367,0.18046225607395172,0.1293652057647705,0.09623568505048752,0.0840749517083168,0.08423015475273132,0.08097381889820099,0,0
5573.210618400001,0.4138038456439972,0.3568834364414215,0.32242146134376526,0.26683932542800903,0.30636683106422424,0.3872678577899933,0.2263122946023941,0.23256151378154755,2.2373616695404053,2.6577885150909424,1.0759570598602295,1.6190118789672852,1.5031412839889526,2.3698441982269287,1.4828834533691406,1.495592474937439,5.1706929206848145,5.906242370605469,1.5984866619110107,4.04376745223999,3.6096761226654053,1.4041303396224976,2.049706220626831,2.09411883354187,4.089895248413086,4.551714897155762,1.399367332458496,4.984006404876709,3.4673333168029785,3.368966579437256,3.4143319129943848,3.4155914783477783,0.1354207545518875,0.15663693845272064,0.1844453364610672,0.12631486356258392,0.0964658185839653,0.08597847819328308,0.09145905822515488,0.08423015475273132,0,0
5573.2206184000015,0.42882633209228516,0.34606680274009705,0.3198385536670685,0.25748738646507263,0.2954521179199219,0.3704289495944977,0.23609626293182373,0.2263122946023941,2.194948673248291,2.6301286220550537,1.0815457105636597,1.6063953638076782,1.5205813646316528,2.43206524848938,1.4668514728546143,1.4828834533691406,5.083960056304932,5.941536903381348,1.5519006252288818,4.00384521484375,3.6037919521331787,1.3789103031158447,1.9850115776062012,2.049706220626831,4.064798355102539,4.465513706207275,1.4021024703979492,4.955224514007568,3.493525505065918,3.384082794189453,3.389573097229004,3.4143319129943848,0.13631029427051544,0.1540766954421997,0.18332625925540924,0.12893177568912506,0.10178400576114655,0.08890032768249512,0.0929063931107521,0.09145905822515488,0,0
5573.230618400002,0.4394509196281433,0.3558638095855713,0.30927711725234985,0.25466403365135193,0.29733943939208984,0.36139145493507385,0.23770444095134735,0.23609626293182373,2.154677629470825,2.6064538955688477,1.0786126852035522,1.5996395349502563,1.5456652641296387,2.5093958377838135,1.447916865348816,1.4668514728546143,5.004405975341797,5.955060958862305,1.5061696767807007,3.949300765991211,3.576059103012085,1.331523060798645,1.9264163970947266,1.9850115776062012,4.043272972106934,4.368851661682129,1.4123481512069702,4.913283348083496,3.49615216255188,3.3730521202087402,3.368439197540283,3.389573097229004,0.13811072707176208,0.14709606766700745,0.1881878823041916,0.1351248025894165,0.09983086585998535,0.08733546733856201,0.09656841307878494,0.0929063931107521,0,0
5573.2933355000005,0.4141395688056946,0.35752496123313904,0.30014294385910034,0.2501235008239746,0.2872074544429779,0.34151023626327515,0.2298603057861328,0.23770444095134735,2.0923871994018555,2.580211639404297,1.0518654584884644,1.5921180248260498,1.5574785470962524,2.5695996284484863,1.4057774543762207,1.447916865348816,4.906046390533447,5.97274112701416,1.4439164400100708,3.90022873878479,3.554426431655884,1.3764338493347168,1.8815436363220215,1.9264163970947266,4.0058488845825195,4.280943870544434,1.4289467334747314,4.875222206115723,3.5023860931396484,3.3651678562164307,3.3282837867736816,3.368439197540283,0.1452442705631256,0.14853303134441376,0.18357037007808685,0.13940569758415222,0.10395756363868713,0.09397535026073456,0.10240308940410614,0.09656841307878494,0,0
5573.303335500001,0.40453988313674927,0.3446282148361206,0.30750536918640137,0.23467718064785004,0.2878033518791199,0.34386444091796875,0.24205316603183746,0.2298603057861328,2.0103840827941895,2.5354697704315186,1.021551251411438,1.567564845085144,1.5372051000595093,2.602449417114258,1.3475558757781982,1.4057774543762207,4.788736820220947,5.987552165985107,1.3827447891235352,3.8483855724334717,3.5158207416534424,1.4565593004226685,1.8445252180099487,1.8815436363220215,3.9448678493499756,4.181656360626221,1.4344698190689087,4.823501110076904,3.4866907596588135,3.335040807723999,3.273332357406616,3.3282837867736816,0.1382310837507248,0.15075601637363434,0.18011558055877686,0.13896088302135468,0.10948137193918228,0.09323926270008087,0.0980709046125412,0.10240308940410614,0,0
5573.313335500001,0.40213143825531006,0.3391716480255127,0.3154892027378082,0.24219082295894623,0.30957984924316406,0.36624929308891296,0.2545657753944397,0.24205316603183746,1.9281376600265503,2.480607509613037,0.9928687810897827,1.5290015935897827,1.5097962617874146,2.6317384243011475,1.292049765586853,1.3475558757781982,4.673547267913818,5.991110324859619,1.4294772148132324,3.785799741744995,3.45914888381958,1.5506168603897095,1.8106944561004639,1.8445252180099487,3.8809778690338135,4.078908443450928,1.437646746635437,4.7631916999816895,3.451575994491577,3.2879879474639893,3.219419479370117,3.273332357406616,0.13836871087551117,0.14870436489582062,0.18024177849292755,0.13886699080467224,0.10492340475320816,0.0948907881975174,0.09988567978143692,0.0980709046125412,0,0
5573.323335500001,0.3856222927570343,0.3393150568008423,0.3125210404396057,0.261742502450943,0.3256523311138153,0.38204073905944824,0.2531973123550415,0.2545657753944397,1.8772656917572021,2.4259562492370605,0.9506548643112183,1.4899805784225464,1.4803837537765503,2.652951955795288,1.2570027112960815,1.292049765586853,4.544458389282227,5.988620281219482,1.4906500577926636,3.7233493328094482,3.406074285507202,1.6366080045700073,1.804814100265503,1.8106944561004639,3.799914836883545,3.984976291656494,1.4336321353912354,4.706131458282471,3.4161314964294434,3.2407515048980713,3.1460728645324707,3.219419479370117,0.14671935141086578,0.15032464265823364,0.17409692704677582,0.14381057024002075,0.10870988667011261,0.09924836456775665,0.10811472684144974,0.09988567978143692,0,0
5573.333335500001,0.39334678649902344,0.32445046305656433,0.3182329535484314,0.2580273449420929,0.33244603872299194,0.3845196068286896,0.26819300651550293,0.2531973123550415,1.8466347455978394,2.3778398036956787,0.8936693072319031,1.4538946151733398,1.4232017993927002,2.642594814300537,1.2352699041366577,1.2570027112960815,4.400216579437256,5.996801853179932,1.5555052757263184,3.680365562438965,3.339256763458252,1.7254338264465332,1.8152313232421875,1.804814100265503,3.700714588165283,3.884112596511841,1.4122953414916992,4.629505634307861,3.3535165786743164,3.170919418334961,3.0620572566986084,3.1460728645324707,0.1367432326078415,0.15602271258831024,0.17328935861587524,0.14990487694740295,0.11859464645385742,0.09881923347711563,0.1023639515042305,0.10811472684144974,0,0
5573.343335500002,0.39755895733833313,0.30590304732322693,0.33455783128738403,0.2597121298313141,0.3614926040172577,0.40227946639060974,0.28617429733276367,0.26819300651550293,1.819596290588379,2.3287763595581055,0.8292404413223267,1.4151763916015625,1.3425750732421875,2.610165596008301,1.2162861824035645,1.2352699041366577,4.264407634735107,6.005488395690918,1.610853672027588,3.6404542922973633,3.2499501705169678,1.8313357830047607,1.8261809349060059,1.8152313232421875,3.605766773223877,3.783447265625,1.3911256790161133,4.550802230834961,3.2711572647094727,3.085461139678955,2.984576940536499,3.0620572566986084,0.13230355083942413,0.15372833609580994,0.16851848363876343,0.148604154586792,0.11150448769330978,0.10291989147663116,0.10132405906915665,0.1023639515042305,0,0
5573.353335500002,0.3893495500087738,0.2948496639728546,0.3443601727485657,0.2806587517261505,0.3880871534347534,0.4224839210510254,0.2960151731967926,0.28617429733276367,1.8018643856048584,2.2791366577148438,0.7736246585845947,1.3759790658950806,1.269559621810913,2.5771243572235107,1.2025837898254395,1.2162861824035645,4.1282877922058105,6.009846210479736,1.6673331260681152,3.5997307300567627,3.165485143661499,1.9341319799423218,1.8413006067276,1.8261809349060059,3.505767583847046,3.6939480304718018,1.3961104154586792,4.482153415679932,3.1924421787261963,3.0047264099121094,2.906433343887329,2.984576940536499,0.13184265792369843,0.15461090207099915,0.1600877046585083,0.14922067523002625,0.10955720394849777,0.10209193080663681,0.10314159095287323,0.10132405906915665,0,0
5573.363335500002,0.3785090148448944,0.28914082050323486,0.3352625072002411,0.30177485942840576,0.39782798290252686,0.4278917610645294,0.29637038707733154,0.2960151731967926,1.789779782295227,2.2284791469573975,0.7398545145988464,1.3386917114257812,1.2950907945632935,2.54050350189209,1.1987465620040894,1.2025837898254395,3.997126579284668,6.009171485900879,1.733335256576538,3.5609207153320312,3.080713987350464,2.025639057159424,1.8649941682815552,1.8413006067276,3.5388786792755127,3.6149978637695312,1.4148703813552856,4.419748783111572,3.1054699420928955,2.917372226715088,2.8300974369049072,2.906433343887329,0.12621372938156128,0.15516448020935059,0.16049613058567047,0.14905478060245514,0.11160162836313248,0.09845388680696487,0.09690921008586884,0.10314159095287323,0,0
5573.4506339,0.3709404766559601,0.2886629104614258,0.32320839166641235,0.3193286657333374,0.3919958174228668,0.41399434208869934,0.2920037508010864,0.29637038707733154,1.7706917524337769,2.1769802570343018,0.7224166393280029,1.3064122200012207,1.3326529264450073,2.490347146987915,1.2037211656570435,1.1987465620040894,3.8707807064056396,6.005204200744629,1.793869137763977,3.527111053466797,2.9851322174072266,2.1185131072998047,1.894355297088623,1.8649941682815552,3.60640287399292,3.5405731201171875,1.416838526725769,4.361211776733398,3.020839214324951,2.828853130340576,2.7644660472869873,2.8300974369049072,0.12648111581802368,0.15617986023426056,0.15484093129634857,0.14627984166145325,0.10648069530725479,0.10320165008306503,0.09855629503726959,0.09690921008586884,0,0
5573.4606339,0.37233108282089233,0.287021666765213,0.3124508857727051,0.32754358649253845,0.3831998407840729,0.3960339426994324,0.28763335943222046,0.2920037508010864,1.7465850114822388,2.131108522415161,0.7312045097351074,1.2874438762664795,1.37856125831604,2.4277243614196777,1.2082295417785645,1.2037211656570435,3.7391953468322754,6.00358247756958,1.8495080471038818,3.4974446296691895,2.887380599975586,2.219726085662842,1.9224605560302734,1.894355297088623,3.660231828689575,3.4712250232696533,1.4182357788085938,4.319602966308594,3.0540473461151123,2.758556604385376,2.70387864112854,2.7644660472869873,0.12722167372703552,0.15942434966564178,0.14837642014026642,0.14803573489189148,0.10788672417402267,0.09978197515010834,0.09918759018182755,0.09855629503726959,0,0
5573.4706339,0.377819299697876,0.28337815403938293,0.3012229800224304,0.3377784490585327,0.3731497824192047,0.3795991539955139,0.2836797833442688,0.28763335943222046,1.72402822971344,2.087768077850342,0.7597002983093262,1.2740628719329834,1.4132568836212158,2.3687644004821777,1.2110732793807983,1.2082295417785645,3.6112477779388428,5.998012542724609,1.9033589363098145,3.459716558456421,2.7876739501953125,2.3144278526306152,1.949647068977356,1.9224605560302734,3.703738212585449,3.4094078540802,1.4176613092422485,4.2870025634765625,3.077120304107666,2.694892644882202,2.6469004154205322,2.70387864112854,0.12195859104394913,0.1630645990371704,0.14477987587451935,0.14924609661102295,0.10931596904993057,0.09938910603523254,0.09443758428096771,0.09918759018182755,0,0
5573.480633900001,0.3815629780292511,0.2833602726459503,0.2854348421096802,0.355417400598526,0.37077945470809937,0.35867515206336975,0.2815699577331543,0.2836797833442688,1.689940094947815,2.0401222705841064,0.7845421433448792,1.2582882642745972,1.4421738386154175,2.3143765926361084,1.2112230062484741,1.2110732793807983,3.4864587783813477,5.984319686889648,1.9539908170700073,3.4145405292510986,2.6774933338165283,2.401186227798462,1.9740970134735107,1.949647068977356,3.7421038150787354,3.343783140182495,1.413960337638855,4.2478928565979,3.080709457397461,2.639662027359009,2.593618869781494,2.6469004154205322,0.12308356910943985,0.162727490067482,0.13770197331905365,0.14477278292179108,0.10563836246728897,0.09954804182052612,0.09563487023115158,0.09443758428096771,0,0
5573.490633900001,0.40217462182044983,0.29380229115486145,0.27717381715774536,0.37392887473106384,0.3716346323490143,0.34350499510765076,0.2798265814781189,0.2815699577331543,1.6335119009017944,1.9835530519485474,0.8205601572990417,1.241018533706665,1.4688067436218262,2.257085084915161,1.2111574411392212,1.2112230062484741,3.3472042083740234,5.966690540313721,1.98424232006073,3.373108148574829,2.5700860023498535,2.4898767471313477,1.9977002143859863,1.9740970134735107,3.7547354698181152,3.2720787525177,1.4268298149108887,4.210876941680908,3.078287124633789,2.6015825271606445,2.5459327697753906,2.593618869781494,0.12655772268772125,0.164579838514328,0.14220647513866425,0.14582736790180206,0.10813488811254501,0.09939736127853394,0.09488876909017563,0.09563487023115158,0,0
5573.500633900001,0.43254226446151733,0.31200751662254333,0.28060227632522583,0.3795270025730133,0.3728550672531128,0.3428136706352234,0.2757754623889923,0.2798265814781189,1.5694324970245361,1.9228631258010864,0.8650938272476196,1.236012578010559,1.4821453094482422,2.189284563064575,1.2133469581604004,1.2111574411392212,3.207981824874878,5.951993465423584,2.002131462097168,3.3344919681549072,2.578678846359253,2.5875449180603027,2.0179800987243652,1.9977002143859863,3.7566184997558594,3.2048239707946777,1.446630835533142,4.1771955490112305,3.0643749237060547,2.571394205093384,2.49916672706604,2.5459327697753906,0.1211133673787117,0.16926360130310059,0.1406150758266449,0.14758117496967316,0.10945755243301392,0.09693650901317596,0.0925644263625145,0.09488876909017563,0,0
5573.510633900001,0.44741755723953247,0.3262462317943573,0.2735888361930847,0.3686581552028656,0.3803945779800415,0.34925779700279236,0.2712475061416626,0.2757754623889923,1.5168040990829468,1.8668190240859985,0.8959916234016418,1.2466094493865967,1.482804775238037,2.1187386512756348,1.2143012285232544,1.2133469581604004,3.19429349899292,5.934567928314209,2.0183653831481934,3.2860970497131348,2.707669734954834,2.683692455291748,2.035094976425171,2.0179800987243652,3.7456934452056885,3.1383509635925293,1.4743086099624634,4.1308417320251465,3.043041706085205,2.5376970767974854,2.50099515914917,2.49916672706604,0.12170799821615219,0.16990812122821808,0.13363458216190338,0.14704552292823792,0.10325273126363754,0.09476245194673538,0.09400422126054764,0.0925644263625145,0,0
5573.5206339000015,0.4447724521160126,0.3275781571865082,0.2769711911678314,0.3538684546947479,0.3893575072288513,0.34820494055747986,0.26912662386894226,0.2712475061416626,1.4738166332244873,1.814787745475769,0.9258731007575989,1.2605692148208618,1.4789289236068726,2.059922218322754,1.2144972085952759,1.2143012285232544,3.2660930156707764,5.905020236968994,2.017698049545288,3.2333872318267822,2.8331024646759033,2.774916172027588,2.0529847145080566,2.035094976425171,3.719787359237671,3.0709781646728516,1.5174620151519775,4.084218978881836,3.0207419395446777,2.5177619457244873,2.505796432495117,2.50099515914917,0.12302281707525253,0.17181238532066345,0.1391703188419342,0.14705128967761993,0.10383712500333786,0.0998210683465004,0.09315666556358337,0.09400422126054764,0,0
5574.0596034,0.45656818151474,0.32586732506752014,0.27281951904296875,0.34058794379234314,0.39611074328422546,0.35764485597610474,0.2714659571647644,0.26912662386894226,1.4248087406158447,1.762091875076294,0.9520607590675354,1.2741888761520386,1.474589228630066,2.003694534301758,1.2129656076431274,1.2144972085952759,3.306302785873413,5.871947765350342,1.9880743026733398,3.1855716705322266,2.951338529586792,2.8789846897125244,2.078758716583252,2.0529847145080566,3.6553826332092285,3.017031669616699,1.552497148513794,4.0382914543151855,2.9999048709869385,2.4954612255096436,2.4936165809631348,2.505796432495117,0.11992856115102768,0.17621834576129913,0.13779455423355103,0.1499510407447815,0.10213135927915573,0.09332337230443954,0.09146986156702042,0.09315666556358337,0,0
5574.0696034,0.47779375314712524,0.3107682764530182,0.27175235748291016,0.3367496132850647,0.4013063311576843,0.35419079661369324,0.2899151146411896,0.2714659571647644,1.41892671585083,1.734487771987915,0.9427383542060852,1.3022218942642212,1.4604811668395996,1.9689172506332397,1.217751383781433,1.2129656076431274,3.2669341564178467,5.825718402862549,1.9194990396499634,3.1298274993896484,3.0410726070404053,3.016024351119995,2.1181797981262207,2.078758716583252,3.5241734981536865,2.99546480178833,1.5537190437316895,3.9886133670806885,2.9607112407684326,2.4343903064727783,2.449324369430542,2.4936165809631348,0.11818540841341019,0.17840932309627533,0.13795706629753113,0.14795252680778503,0.0983169823884964,0.09219575673341751,0.09350571781396866,0.09146986156702042,0,0
5574.0796034,0.4738624393939972,0.30998724699020386,0.2779504656791687,0.35708892345428467,0.43309473991394043,0.36732009053230286,0.30203354358673096,0.2899151146411896,1.3644863367080688,1.7450623512268066,0.9487982988357544,1.3521549701690674,1.4611274003982544,1.9554541110992432,1.2169451713562012,1.217751383781433,3.3244504928588867,5.754120349884033,1.8797123432159424,3.0865743160247803,3.0805106163024902,3.123178005218506,2.0741443634033203,2.1181797981262207,3.3565521240234375,2.9560744762420654,1.5283573865890503,3.901567220687866,2.8787407875061035,2.334799289703369,2.3331825733184814,2.449324369430542,0.1210012286901474,0.18212690949440002,0.1376619040966034,0.1497752070426941,0.09843678772449493,0.09386400878429413,0.09078880399465561,0.09350571781396866,0,0
5574.089603400001,0.5129303336143494,0.3295484483242035,0.3081852197647095,0.3642246723175049,0.4441697895526886,0.3699330985546112,0.3440210521221161,0.30203354358673096,1.3142461776733398,1.7292433977127075,0.9791163802146912,1.3798837661743164,1.4616687297821045,1.8837672472000122,1.2114603519439697,1.2169451713562012,3.3408613204956055,5.559682846069336,1.9781996011734009,2.9525561332702637,3.1805789470672607,3.1741764545440674,2.01460599899292,2.0741443634033203,3.1631369590759277,2.780027389526367,1.5070608854293823,3.7066609859466553,2.7415847778320312,2.195295810699463,2.18789005279541,2.3331825733184814,0.13594914972782135,0.1753171682357788,0.13191404938697815,0.14585760235786438,0.09529737383127213,0.09698058664798737,0.09506995230913162,0.09078880399465561,0,0
5574.099603400001,0.5402315258979797,0.35315585136413574,0.3089098632335663,0.4087415933609009,0.4958237111568451,0.404787540435791,0.3771604895591736,0.3440210521221161,1.3170502185821533,1.6810557842254639,1.0513650178909302,1.4103693962097168,1.460465908050537,1.7688688039779663,1.198485255241394,1.2114603519439697,3.2600278854370117,5.366084098815918,2.0807459354400635,2.846419334411621,3.231315851211548,3.1716701984405518,1.9138801097869873,2.01460599899292,2.9785711765289307,2.630466938018799,1.5114303827285767,3.5098299980163574,2.5708158016204834,2.1172025203704834,2.0792815685272217,2.18789005279541,0.13674241304397583,0.17427308857440948,0.13100004196166992,0.15097789466381073,0.10614792257547379,0.1026553213596344,0.09961310774087906,0.09506995230913162,0,0
5574.109603400001,0.5178467035293579,0.4019407033920288,0.3070445954799652,0.4597199261188507,0.5252187848091125,0.4232063591480255,0.3631369173526764,0.3771604895591736,1.3078534603118896,1.7838289737701416,1.1189218759536743,1.4023282527923584,1.4505910873413086,1.7054641246795654,1.150722861289978,1.198485255241394,3.1477627754211426,5.17728853225708,2.1802453994750977,2.792544364929199,3.171687126159668,3.0829837322235107,1.8101011514663696,1.9138801097869873,2.8485279083251953,2.5910773277282715,1.4975199699401855,3.3832337856292725,2.453533172607422,2.022535800933838,2.011582374572754,2.0792815685272217,0.13540202379226685,0.18110741674900055,0.12375640124082565,0.15523117780685425,0.10948248207569122,0.09986482560634613,0.09735940396785736,0.09961310774087906,0,0
5574.119603400001,0.5214186310768127,0.39766114950180054,0.2941510081291199,0.4338204562664032,0.520937442779541,0.41852006316185,0.36243870854377747,0.3631369173526764,1.4249783754348755,1.9622759819030762,1.1785972118377686,1.3253629207611084,1.3861244916915894,1.6563992500305176,1.1355105638504028,1.150722861289978,3.089834690093994,4.981896877288818,2.229879379272461,2.7462451457977295,3.0544991493225098,2.9956958293914795,1.7377105951309204,1.8101011514663696,2.763516664505005,2.5955097675323486,1.4788415431976318,3.304304361343384,2.4006290435791016,1.9771426916122437,1.9843299388885498,2.011582374572754,0.1282607614994049,0.17910175025463104,0.11876651644706726,0.14931827783584595,0.10472041368484497,0.10079400986433029,0.09130840748548508,0.09735940396785736,0,0
5574.1296034000015,0.5156643390655518,0.401632159948349,0.28536370396614075,0.43402695655822754,0.522199809551239,0.3889114260673523,0.3650115132331848,0.36243870854377747,1.5948566198349,2.170444965362549,1.2471349239349365,1.4610047340393066,1.4780784845352173,1.634423017501831,1.1536171436309814,1.1355105638504028,3.053435802459717,4.843751430511475,2.26792573928833,2.7273354530334473,2.9876761436462402,3.0232417583465576,1.7004303932189941,1.7377105951309204,2.7184360027313232,2.5756421089172363,1.4514117240905762,3.2447564601898193,2.396965503692627,1.9868052005767822,1.9903277158737183,1.9843299388885498,0.11995700746774673,0.17280682921409607,0.11086525022983551,0.14108729362487793,0.09971249103546143,0.0950043797492981,0.0878690779209137,0.09130840748548508,0,0
5574.5669821,0.5151466727256775,0.4001152813434601,0.28776511549949646,0.4497441053390503,0.5297698378562927,0.3801114559173584,0.3533523380756378,0.3650115132331848,1.7506567239761353,2.369511365890503,1.3046315908432007,1.6495192050933838,1.6226948499679565,1.6410622596740723,1.307623267173767,1.1536171436309814,2.995784044265747,4.752457618713379,2.307832956314087,2.7630858421325684,2.957606315612793,3.127713918685913,1.6715928316116333,1.7004303932189941,2.699451446533203,2.578070878982544,1.441086769104004,3.226323366165161,2.4192185401916504,2.012742042541504,2.0048024654388428,1.9903277158737183,0.11900465935468674,0.17177778482437134,0.10705273598432541,0.1365053653717041,0.09899481385946274,0.09544353187084198,0.08722392469644547,0.0878690779209137,0,0
5574.5769821,0.5088288187980652,0.3726326525211334,0.2692302465438843,0.4404877722263336,0.5139421224594116,0.3823104798793793,0.344785213470459,0.3533523380756378,1.9183152914047241,2.5143344402313232,1.3982433080673218,1.8177354335784912,1.7653580904006958,1.6832305192947388,1.4578492641448975,1.307623267173767,2.9094512462615967,4.668553352355957,2.3313281536102295,2.8294172286987305,2.938584089279175,3.183868408203125,1.6949315071105957,1.6715928316116333,2.730623960494995,2.6338253021240234,1.456937313079834,3.237124443054199,2.4415674209594727,2.0115480422973633,2.038189172744751,2.0048024654388428,0.1182485818862915,0.17012591660022736,0.10659676045179367,0.13436083495616913,0.09913956373929977,0.09374555200338364,0.08237423747777939,0.08722392469644547,0,0
5574.586982100001,0.5011438131332397,0.3646773397922516,0.2629115581512451,0.4319659471511841,0.5093904137611389,0.3620842695236206,0.33681145310401917,0.344785213470459,2.048464059829712,2.630622625350952,1.4685921669006348,1.9591857194900513,1.8944123983383179,1.733144998550415,1.5800751447677612,1.4578492641448975,2.8829715251922607,4.590934753417969,2.323286294937134,2.902740240097046,2.9163904190063477,3.1972851753234863,1.7733051776885986,1.6949315071105957,2.7898387908935547,2.680419921875,1.4743610620498657,3.2359869480133057,2.4711191654205322,1.9707602262496948,2.080484628677368,2.038189172744751,0.12105716019868851,0.16530583798885345,0.1009778305888176,0.1280679553747177,0.09352482855319977,0.09165843576192856,0.07888564467430115,0.08237423747777939,0,0
5574.596982100001,0.4806126356124878,0.35643473267555237,0.2661295235157013,0.4139448404312134,0.48517873883247375,0.35766616463661194,0.3138850927352905,0.33681145310401917,2.23177170753479,2.7252213954925537,1.4961780309677124,2.0955612659454346,1.98944890499115,1.758816123008728,1.701096773147583,1.5800751447677612,2.9382009506225586,4.504114151000977,2.2779624462127686,2.9513347148895264,2.9308276176452637,3.177938222885132,1.8592814207077026,1.7733051776885986,2.921058177947998,2.7019877433776855,1.456710696220398,3.2296242713928223,2.5031039714813232,1.9388295412063599,2.134594202041626,2.080484628677368,0.12248212099075317,0.15759706497192383,0.10384491086006165,0.12596429884433746,0.09406077116727829,0.08802096545696259,0.07804667204618454,0.07888564467430115,0,0
5574.606982100001,0.46158623695373535,0.3497961759567261,0.26235467195510864,0.41372525691986084,0.45965051651000977,0.35005080699920654,0.29459941387176514,0.3138850927352905,2.453507423400879,2.8500547409057617,1.5139150619506836,2.237046241760254,2.0965287685394287,1.7501020431518555,1.8182768821716309,1.701096773147583,3.0465519428253174,4.378768444061279,2.2275874614715576,2.992581844329834,2.9801204204559326,3.126112222671509,1.9525208473205566,1.8592814207077026,3.022322177886963,2.737513780593872,1.4272427558898926,3.210434675216675,2.5630617141723633,1.9413889646530151,2.1906046867370605,2.134594202041626,0.12131858617067337,0.15516573190689087,0.09960337728261948,0.11973938345909119,0.09315929561853409,0.08983416855335236,0.08025727421045303,0.07804667204618454,0,0
5574.616982100001,0.4617559015750885,0.3552314341068268,0.2715417444705963,0.4028053879737854,0.43338650465011597,0.34749871492385864,0.3097892105579376,0.29459941387176514,2.5996859073638916,2.991986036300659,1.4884881973266602,2.3591623306274414,2.212238073348999,1.6963071823120117,1.8814722299575806,1.8182768821716309,3.232973575592041,4.245945453643799,2.202218770980835,3.05713152885437,3.025578737258911,3.054375648498535,2.099762201309204,1.9525208473205566,3.047398090362549,2.890643835067749,1.3700380325317383,3.145688533782959,2.598707914352417,1.9289164543151855,2.200458288192749,2.1906046867370605,0.12761476635932922,0.16015680134296417,0.10233321785926819,0.12990018725395203,0.09270583093166351,0.0926782488822937,0.08149543404579163,0.08025727421045303,0,0
5574.626982100001,0.4603770077228546,0.35423511266708374,0.2679242193698883,0.42357584834098816,0.4417409598827362,0.3724941313266754,0.3274509310722351,0.3097892105579376,2.7077062129974365,3.0876927375793457,1.45256769657135,2.4463186264038086,2.2881147861480713,1.592885136604309,1.933191180229187,1.8814722299575806,3.4288203716278076,4.181075572967529,2.1867835521698,3.188721179962158,3.1251778602600098,3.011382818222046,2.259819746017456,2.099762201309204,3.0895135402679443,2.9931750297546387,1.3105508089065552,3.1548335552215576,2.58585524559021,1.8984308242797852,2.237262487411499,2.200458288192749,0.12326312065124512,0.15665848553180695,0.10482288151979446,0.1324802190065384,0.09566061198711395,0.09347555041313171,0.08715380728244781,0.08149543404579163,0,0
5574.636982100002,0.45897096395492554,0.3749913275241852,0.26524490118026733,0.4580202102661133,0.4595474302768707,0.38683784008026123,0.3477267324924469,0.3274509310722351,2.8016860485076904,3.1929118633270264,1.4182225465774536,2.556187391281128,2.3586015701293945,1.4818511009216309,1.983852744102478,1.933191180229187,3.605062961578369,4.117247581481934,2.1731507778167725,3.30646014213562,3.2760040760040283,2.9920084476470947,2.411764144897461,2.259819746017456,3.1342484951019287,3.141767740249634,1.4076182842254639,3.127960205078125,2.615302085876465,1.8767098188400269,2.2821547985076904,2.237262487411499,0.11952471733093262,0.16318362951278687,0.10476449131965637,0.14281988143920898,0.10110998153686523,0.09481494128704071,0.08905992656946182,0.08715380728244781,0,0
5574.7412273,0.4593351483345032,0.40155506134033203,0.26375654339790344,0.493900865316391,0.4765593707561493,0.40435653924942017,0.37040093541145325,0.3477267324924469,2.8882229328155518,3.3005213737487793,1.3868560791015625,2.6815905570983887,2.427382707595825,1.376312494277954,2.034259796142578,1.983852744102478,3.7644994258880615,4.059142112731934,2.1597628593444824,3.409301519393921,3.4563567638397217,2.9726109504699707,2.5508341789245605,2.411764144897461,3.1747212409973145,3.303250551223755,1.5152521133422852,3.0656635761260986,2.65181565284729,1.8497395515441895,2.323531150817871,2.2821547985076904,0.11558429151773453,0.16943144798278809,0.10440739244222641,0.15303057432174683,0.10133446753025055,0.09132792800664902,0.08791127800941467,0.08905992656946182,['Start_video_1'],0
5574.7512273,0.473773330450058,0.4348420202732086,0.271120548248291,0.5340744256973267,0.4955989122390747,0.42156392335891724,0.40838342905044556,0.37040093541145325,2.976583242416382,3.4080514907836914,1.4159828424453735,2.8083443641662598,2.49503231048584,1.2833030223846436,2.09812331199646,2.034259796142578,3.894547939300537,4.0021185874938965,2.138338565826416,3.4986300468444824,3.6217007637023926,2.953842878341675,2.666118621826172,2.5508341789245605,3.1963603496551514,3.454939603805542,1.6210854053497314,2.9983065128326416,2.6842007637023926,1.8236204385757446,2.348698854446411,2.323531150817871,0.11322043091058731,0.17173703014850616,0.10785272717475891,0.1571323573589325,0.09824428707361221,0.08709865808486938,0.08842423558235168,0.08791127800941467,0,0
5574.7612273,0.4737681448459625,0.4956789016723633,0.2787337899208069,0.5970799922943115,0.5308215022087097,0.4415440559387207,0.4111325740814209,0.40838342905044556,3.047968864440918,3.537001609802246,1.4973292350769043,2.956568717956543,2.5776138305664062,1.2944016456604004,2.1435413360595703,2.09812331199646,3.9918975830078125,3.930320978164673,2.1133804321289062,3.5569655895233154,3.7595245838165283,2.932284355163574,2.786759376525879,2.666118621826172,3.190223455429077,3.5812008380889893,1.7257897853851318,3.0035765171051025,2.6965079307556152,1.798764705657959,2.3583264350891113,2.348698854446411,0.12058606743812561,0.16574057936668396,0.11161105334758759,0.15217939019203186,0.0999838188290596,0.08523998409509659,0.09176366776227951,0.08842423558235168,0,0
5574.771227300001,0.48085853457450867,0.48647356033325195,0.27514803409576416,0.5958570241928101,0.527336597442627,0.44532206654548645,0.4099454879760742,0.4111325740814209,3.108246326446533,3.624084234237671,1.5874584913253784,3.09002423286438,2.6409451961517334,1.3116984367370605,2.2073023319244385,2.1435413360595703,4.028586387634277,3.9229915142059326,2.079092264175415,3.644749402999878,3.900890350341797,2.9100780487060547,2.8795788288116455,2.786759376525879,3.152808427810669,3.701840877532959,1.8370155096054077,3.0413691997528076,2.683763027191162,1.7666985988616943,2.327723264694214,2.3583264350891113,0.12122103571891785,0.169107586145401,0.11279547959566116,0.1575779765844345,0.10536056011915207,0.0850161537528038,0.09360457956790924,0.09176366776227951,0,0
5574.781227300001,0.48616230487823486,0.49039486050605774,0.2706429362297058,0.5902184844017029,0.5229530930519104,0.4361066520214081,0.4052483141422272,0.4099454879760742,3.087346315383911,3.7186191082000732,1.6700142621994019,3.2621614933013916,2.730228900909424,1.354860544204712,2.232854127883911,2.2073023319244385,4.2065110206604,3.9304099082946777,2.0462567806243896,3.715001106262207,4.004862308502197,2.8650152683258057,2.9925761222839355,2.8795788288116455,3.099362373352051,3.771151542663574,1.9475831985473633,3.0188822746276855,2.62589168548584,1.75704824924469,2.2604191303253174,2.327723264694214,0.12956872582435608,0.1715192347764969,0.11524194478988647,0.16213472187519073,0.10773130506277084,0.08049657195806503,0.10041386634111404,0.09360457956790924,0,0
5574.791227300001,0.5344065427780151,0.48732107877731323,0.2665611207485199,0.5786815285682678,0.5261686444282532,0.42047205567359924,0.42180970311164856,0.4052483141422272,3.0498805046081543,3.757274866104126,1.7469890117645264,3.396362543106079,2.7696893215179443,1.3905309438705444,2.263054370880127,2.232854127883911,4.376989841461182,4.004835605621338,2.014191150665283,3.8397281169891357,4.136424541473389,2.8173396587371826,3.0884883403778076,2.9925761222839355,3.089836597442627,3.777146816253662,2.0516819953918457,2.940715789794922,2.5380373001098633,1.7653203010559082,2.2112598419189453,2.2604191303253174,0.13151007890701294,0.16801269352436066,0.11697450280189514,0.16365931928157806,0.11707185208797455,0.08174813538789749,0.09866747260093689,0.10041386634111404,0,0
5574.801227300001,0.5701792240142822,0.4858335852622986,0.26232999563217163,0.5906184315681458,0.5682305693626404,0.4161938726902008,0.4353794753551483,0.42180970311164856,3.0076727867126465,3.7889225482940674,1.8194875717163086,3.5338234901428223,2.8200175762176514,1.4368319511413574,2.288243055343628,2.263054370880127,4.545393466949463,4.079214572906494,1.9832559823989868,3.959143877029419,4.243180751800537,2.752934455871582,3.1797873973846436,3.0884883403778076,3.0856313705444336,3.775027275085449,2.1468257904052734,2.8955600261688232,2.491431951522827,1.78633451461792,2.1656219959259033,2.2112598419189453,0.13511504232883453,0.1663086861371994,0.11933188140392303,0.16410678625106812,0.11974724382162094,0.08064272254705429,0.09307197481393814,0.09866747260093689,0,0
5574.8112273000015,0.5860403180122375,0.4769004285335541,0.2577334940433502,0.601898729801178,0.6034122109413147,0.418820858001709,0.4444371163845062,0.4353794753551483,3.0041697025299072,3.8068957328796387,1.887968897819519,3.6611249446868896,2.8612992763519287,1.4898571968078613,2.305591344833374,2.288243055343628,4.724397659301758,4.156425476074219,1.9541159868240356,4.069525718688965,4.346900939941406,2.6861445903778076,3.2687079906463623,3.1797873973846436,3.1097211837768555,3.7618513107299805,2.2336089611053467,2.932983875274658,2.451998233795166,1.800013542175293,2.1263175010681152,2.1656219959259033,0.13313651084899902,0.15966852009296417,0.11979087442159653,0.16340994834899902,0.1196458637714386,0.07573563605546951,0.08991231769323349,0.09307197481393814,0,0
5574.874634000001,0.6093518733978271,0.470939040184021,0.26259586215019226,0.6134255528450012,0.6233400106430054,0.42176955938339233,0.45356321334838867,0.4444371163845062,3.094644069671631,3.8306331634521484,1.9463824033737183,3.779731035232544,2.8813509941101074,1.539949893951416,2.3155665397644043,2.305591344833374,4.893013000488281,4.2198967933654785,1.9187613725662231,4.185306549072266,4.456728458404541,2.625070571899414,3.3471367359161377,3.2687079906463623,3.1541738510131836,3.747380256652832,2.306473731994629,2.967874050140381,2.433366298675537,1.811562180519104,2.1838488578796387,2.1263175010681152,0.13971856236457825,0.15403902530670166,0.12166597694158554,0.1566179394721985,0.11635109782218933,0.07457668334245682,0.08962932229042053,0.08991231769323349,0,0
5574.884634000001,0.6563792824745178,0.4665857255458832,0.2829008996486664,0.6214919090270996,0.6412899494171143,0.42489784955978394,0.4790192246437073,0.45356321334838867,3.1912319660186768,3.8550918102264404,2.001784324645996,3.8894248008728027,2.8911290168762207,1.5791311264038086,2.335587501525879,2.3155665397644043,5.027501583099365,4.275747299194336,1.8709558248519897,4.302516937255859,4.556235313415527,2.554265260696411,3.3980374336242676,3.3471367359161377,3.179250955581665,3.732555627822876,2.359720468521118,2.9938323497772217,2.4338173866271973,1.823975682258606,2.218421220779419,2.1838488578796387,0.1312149167060852,0.14799121022224426,0.1267995983362198,0.14880959689617157,0.11955534666776657,0.07766848057508469,0.09215428680181503,0.08962932229042053,0,0
5574.894634000001,0.7007083296775818,0.47242504358291626,0.29975640773773193,0.6422889232635498,0.6717928051948547,0.4429855942726135,0.517650842666626,0.4790192246437073,3.2811508178710938,3.884617328643799,2.050299882888794,4.011793613433838,2.9112226963043213,1.621382236480713,2.3686630725860596,2.335587501525879,5.150782108306885,4.324416637420654,1.8251391649246216,4.3800368309021,4.629934787750244,2.469305992126465,3.430820941925049,3.3980374336242676,3.2009499073028564,3.7288050651550293,2.405527114868164,2.9867208003997803,2.4238226413726807,1.8182613849639893,2.2481982707977295,2.218421220779419,0.12612822651863098,0.15052783489227295,0.12586788833141327,0.1575305163860321,0.11406345665454865,0.0772179588675499,0.0883704125881195,0.09215428680181503,0,0
5574.904634000001,0.7043837904930115,0.5150654315948486,0.3028738796710968,0.6931713819503784,0.7065223455429077,0.47153541445732117,0.5374314785003662,0.517650842666626,3.327934503555298,3.9449429512023926,2.0763864517211914,4.160070419311523,2.936699867248535,1.670586109161377,2.386300563812256,2.3686630725860596,5.2790303230285645,4.342452526092529,1.843164086341858,4.421565532684326,4.691492080688477,2.388455867767334,3.460568428039551,3.430820941925049,3.2129194736480713,3.7045352458953857,2.429892063140869,2.9735636711120605,2.4080216884613037,1.8036049604415894,2.260460138320923,2.2481982707977295,0.13824714720249176,0.15144993364810944,0.13058100640773773,0.15514563024044037,0.1100064367055893,0.07636445760726929,0.09485383331775665,0.0883704125881195,0,0
5574.914634000002,0.6822695732116699,0.5461243391036987,0.3069627285003662,0.7319193482398987,0.7212828397750854,0.4929273724555969,0.53231281042099,0.5374314785003662,3.346456527709961,3.9936788082122803,2.0882372856140137,4.292953968048096,2.9462766647338867,1.7112683057785034,2.396087169647217,2.386300563812256,5.382059097290039,4.367143630981445,1.897759199142456,4.4550395011901855,4.750751495361328,2.3303208351135254,3.4692234992980957,3.460568428039551,3.186619520187378,3.6860408782958984,2.44563889503479,2.9523792266845703,2.3894405364990234,1.7857292890548706,2.2598137855529785,2.260460138320923,0.13250590860843658,0.1535998433828354,0.1330360770225525,0.14824743568897247,0.11289960891008377,0.0760093703866005,0.09397436678409576,0.09485383331775665,0,0
5574.924634000002,0.6635996699333191,0.5452976226806641,0.30979669094085693,0.7362658977508545,0.7092142701148987,0.4984836280345917,0.5224494338035583,0.53231281042099,3.363194465637207,4.022038459777832,2.0990517139434814,4.412744045257568,2.9501912593841553,1.7379673719406128,2.42318058013916,2.396087169647217,5.469087600708008,4.41184663772583,1.9483363628387451,4.519367694854736,4.788687229156494,2.352511167526245,3.4625320434570312,3.4692234992980957,3.157700538635254,3.662494421005249,2.4585306644439697,2.9199728965759277,2.3473711013793945,1.753835678100586,2.2683498859405518,2.2598137855529785,0.12502159178256989,0.1530994027853012,0.13235004246234894,0.15772584080696106,0.11181630939245224,0.07734550535678864,0.09293456375598907,0.09397436678409576,0,0
5574.934634000002,0.6399037837982178,0.5383560657501221,0.3077632784843445,0.7225766777992249,0.6869786977767944,0.49533751606941223,0.512273907661438,0.5224494338035583,3.369633197784424,4.051848411560059,2.1079611778259277,4.5386962890625,2.9613237380981445,1.760370135307312,2.452883243560791,2.42318058013916,5.563887596130371,4.4550065994262695,1.9965180158615112,4.577702045440674,4.8091607093811035,2.3764567375183105,3.4577698707580566,3.4625320434570312,3.119800329208374,3.6208009719848633,2.4653613567352295,2.9086220264434814,2.3024308681488037,1.7206178903579712,2.273280143737793,2.2683498859405518,0.12858617305755615,0.1490493267774582,0.13318666815757751,0.15551821887493134,0.11113674193620682,0.07941630482673645,0.09490317851305008,0.09293456375598907,0,0
5574.944634000002,0.6197982430458069,0.5309349894523621,0.3036465346813202,0.708392858505249,0.6695365309715271,0.49149733781814575,0.5017369389533997,0.512273907661438,3.3554797172546387,4.077617168426514,2.114316940307617,4.657577991485596,2.964165449142456,1.7806522846221924,2.4672622680664062,2.452883243560791,5.6569743156433105,4.496978282928467,2.0434398651123047,4.631389141082764,4.831930637359619,2.399507999420166,3.4508020877838135,3.4577698707580566,3.0648763179779053,3.580453872680664,2.4724044799804688,2.9029436111450195,2.2539422512054443,1.6900066137313843,2.2789039611816406,2.273280143737793,0.1247781440615654,0.14468012750148773,0.13286176323890686,0.14509105682373047,0.1141233816742897,0.08004915714263916,0.0921129584312439,0.09490317851305008,0,0
5575.008438700001,0.6048099398612976,0.519185483455658,0.30067217350006104,0.6943830847740173,0.6660854816436768,0.48629888892173767,0.4927104413509369,0.5017369389533997,3.3334498405456543,4.091410160064697,2.1210849285125732,4.750892639160156,2.945495843887329,1.7868379354476929,2.4742236137390137,2.4672622680664062,5.739131450653076,4.545863151550293,2.0861401557922363,4.6998443603515625,4.851400852203369,2.434356451034546,3.4400267601013184,3.4508020877838135,3.013580322265625,3.5361905097961426,2.4778873920440674,2.901887893676758,2.1912882328033447,1.6521821022033691,2.289219856262207,2.2789039611816406,0.12019964307546616,0.14118792116641998,0.13124416768550873,0.14832045137882233,0.11167799681425095,0.0803857296705246,0.08673889189958572,0.0921129584312439,0,0
5575.018438700001,0.5900841355323792,0.5064330697059631,0.2960400879383087,0.6830682158470154,0.6683789491653442,0.4818992018699646,0.4882351756095886,0.4927104413509369,3.3183629512786865,4.101434707641602,2.125579833984375,4.83111047744751,2.9225847721099854,1.7868119478225708,2.489457130432129,2.4742236137390137,5.821503639221191,4.593854904174805,2.126699209213257,4.772202491760254,4.864266872406006,2.47255802154541,3.440068483352661,3.4400267601013184,2.959632158279419,3.4919745922088623,2.484149932861328,2.911628246307373,2.133394479751587,1.6162298917770386,2.293348550796509,2.289219856262207,0.11858926713466644,0.13632002472877502,0.12972062826156616,0.14797036349773407,0.10750221461057663,0.08010522276163101,0.08779117465019226,0.08673889189958572,0,0
5575.028438700001,0.5749152898788452,0.4961966276168823,0.2834938168525696,0.6765509247779846,0.6684550046920776,0.489307701587677,0.484605610370636,0.4882351756095886,3.3069143295288086,4.11216402053833,2.124821186065674,4.9006266593933105,2.8955793380737305,1.8013697862625122,2.5053744316101074,2.489457130432129,5.900797367095947,4.636838436126709,2.1611578464508057,4.841043949127197,4.898146629333496,2.507458209991455,3.4425737857818604,3.440068483352661,2.904258966445923,3.452789783477783,2.484449625015259,2.9139437675476074,2.059157133102417,1.5651224851608276,2.2959892749786377,2.293348550796509,0.1201382726430893,0.12849870324134827,0.13087153434753418,0.1446443796157837,0.11318469047546387,0.08399394899606705,0.08849608898162842,0.08779117465019226,0,0
5575.038438700001,0.5562937259674072,0.47816386818885803,0.2722361385822296,0.6729695200920105,0.6735886931419373,0.5073099732398987,0.4715515673160553,0.484605610370636,3.30071759223938,4.128604412078857,2.124854803085327,4.962241172790527,2.8635036945343018,1.8203809261322021,2.5240590572357178,2.5053744316101074,5.978701591491699,4.668963432312012,2.184962511062622,4.907135963439941,4.935803413391113,2.5471103191375732,3.452153444290161,3.4425737857818604,2.8450090885162354,3.425145387649536,2.475665807723999,2.9171690940856934,1.989029049873352,1.51577627658844,2.289771556854248,2.2959892749786377,0.11363710463047028,0.12784145772457123,0.13192491233348846,0.13703127205371857,0.11191228032112122,0.08307197690010071,0.08473634719848633,0.08849608898162842,0,0
5575.0484387000015,0.5394766926765442,0.4475940465927124,0.2618521451950073,0.6589722037315369,0.6705847382545471,0.5144200325012207,0.4526255428791046,0.4715515673160553,3.2946152687072754,4.158318519592285,2.1244404315948486,5.03114128112793,2.8432397842407227,1.8419955968856812,2.5464963912963867,2.5240590572357178,6.050875186920166,4.684177875518799,2.2062342166900635,4.956623077392578,4.97676420211792,2.574582576751709,3.4683642387390137,3.452153444290161,2.7851457595825195,3.425657033920288,2.4655921459198,2.909893035888672,1.927056908607483,1.4605636596679688,2.281804084777832,2.289771556854248,0.11509612202644348,0.12517814338207245,0.135554239153862,0.1364196538925171,0.106150321662426,0.08385621756315231,0.08376345783472061,0.08473634719848633,0,0
5575.058438700002,0.537340521812439,0.4171261191368103,0.24876253306865692,0.639087975025177,0.6580933928489685,0.5027528405189514,0.4416014552116394,0.4526255428791046,3.275437593460083,4.190964698791504,2.1095433235168457,5.101195335388184,2.8348467350006104,1.8767136335372925,2.560898542404175,2.5464963912963867,6.110311985015869,4.6935906410217285,2.23331880569458,4.996850967407227,5.025679111480713,2.5877137184143066,3.4824728965759277,3.4683642387390137,2.7331554889678955,3.4528825283050537,2.4438631534576416,2.901139497756958,1.8915197849273682,1.4013051986694336,2.2672672271728516,2.281804084777832,0.12085876613855362,0.11688441783189774,0.13125818967819214,0.13645030558109283,0.10722813755273819,0.08519721031188965,0.08828447014093399,0.08376345783472061,0,0
5575.068438700002,0.5506587028503418,0.40290385484695435,0.24978847801685333,0.6287196278572083,0.645147442817688,0.4835328161716461,0.4419461190700531,0.4416014552116394,3.2472894191741943,4.219078540802002,2.0818498134613037,5.168593406677246,2.831080198287964,1.9213052988052368,2.5659589767456055,2.560898542404175,6.167147636413574,4.69718599319458,2.257713794708252,5.028987407684326,5.0755462646484375,2.6002321243286133,3.499520778656006,3.4824728965759277,2.699286937713623,3.463646650314331,2.4111974239349365,2.884546995162964,1.8568168878555298,1.3551143407821655,2.2491536140441895,2.2672672271728516,0.11568257212638855,0.1219087690114975,0.13400623202323914,0.12951219081878662,0.10878874361515045,0.08173588663339615,0.08634798228740692,0.08828447014093399,0,0
5575.078438700002,0.5629168152809143,0.41555747389793396,0.24661722779273987,0.6290866732597351,0.6358993053436279,0.4652143716812134,0.43794485926628113,0.4419461190700531,3.2174713611602783,4.256574630737305,2.0584239959716797,5.238180160522461,2.830228328704834,1.9665734767913818,2.5696158409118652,2.5659589767456055,6.216479778289795,4.680508136749268,2.286768674850464,5.049384593963623,5.123908996582031,2.6146743297576904,3.5090458393096924,3.499520778656006,2.6633007526397705,3.4698705673217773,2.3759567737579346,2.8651530742645264,1.8238011598587036,1.3164379596710205,2.2251133918762207,2.2491536140441895,0.11870451271533966,0.12503236532211304,0.14018161594867706,0.12658727169036865,0.10413190722465515,0.07874993979930878,0.08643252402544022,0.08634798228740692,0,0
5575.1434369,0.5597959160804749,0.42878133058547974,0.2451619803905487,0.6154885292053223,0.6208352446556091,0.44976046681404114,0.4286994934082031,0.43794485926628113,3.1784236431121826,4.290881633758545,2.0387983322143555,5.284768104553223,2.821401357650757,2.008880376815796,2.565767288208008,2.5696158409118652,6.245500087738037,4.663417339324951,2.328787088394165,5.083155155181885,5.160222053527832,2.630319833755493,3.501635789871216,3.5090458393096924,2.6180098056793213,3.4739606380462646,2.3287017345428467,2.8315396308898926,1.784619927406311,1.2787491083145142,2.1844913959503174,2.2251133918762207,0.12068340927362442,0.12299634516239166,0.13648854196071625,0.137048602104187,0.10438589006662369,0.08023399859666824,0.09172138571739197,0.08643252402544022,0,0
5575.1534369,0.5549594759941101,0.4255833923816681,0.24659819900989532,0.6080911755561829,0.5970076322555542,0.4415879547595978,0.42278048396110535,0.4286994934082031,3.1349306106567383,4.292438983917236,2.019956111907959,5.297245502471924,2.8104121685028076,2.046722412109375,2.5588300228118896,2.565767288208008,6.271137237548828,4.665792465209961,2.3706321716308594,5.130420207977295,5.177457809448242,2.648670196533203,3.5227136611938477,3.501635789871216,2.5799455642700195,3.460838794708252,2.2818539142608643,2.7672805786132812,1.7289401292800903,1.236612319946289,2.1480681896209717,2.1844913959503174,0.12124443799257278,0.12964573502540588,0.1351240575313568,0.1401967704296112,0.11079683899879456,0.08268909901380539,0.09541508555412292,0.09172138571739197,0,0
5575.1634369,0.5507495999336243,0.4316837787628174,0.2367216795682907,0.6042599081993103,0.5762162804603577,0.4256206154823303,0.40698322653770447,0.42278048396110535,3.1064324378967285,4.288878440856934,2.0127625465393066,5.308029651641846,2.8189549446105957,2.0882792472839355,2.5706162452697754,2.5588300228118896,6.288041591644287,4.6649169921875,2.411846399307251,5.173313140869141,5.193981647491455,2.668905735015869,3.5799009799957275,3.5227136611938477,2.5337188243865967,3.459550380706787,2.2314300537109375,2.708050489425659,1.6782395839691162,1.20042884349823,2.0975592136383057,2.1480681896209717,0.11850020289421082,0.129863902926445,0.1418393850326538,0.14140750467777252,0.11366616934537888,0.08474507182836533,0.0952921137213707,0.09541508555412292,0,0
5575.1734369000005,0.5470189452171326,0.4263779819011688,0.2223781794309616,0.5710041522979736,0.5535414814949036,0.39605432748794556,0.3931781053543091,0.40698322653770447,3.086392641067505,4.2834062576293945,2.0139400959014893,5.304205894470215,2.845726490020752,2.1454052925109863,2.595123529434204,2.5706162452697754,6.296689510345459,4.673551082611084,2.4555184841156006,5.24315881729126,5.197113513946533,2.704146146774292,3.6469900608062744,3.5799009799957275,2.487409830093384,3.444356679916382,2.17673921585083,2.621610641479492,1.6168463230133057,1.160102367401123,2.041797637939453,2.0975592136383057,0.1166255995631218,0.12514550983905792,0.14156697690486908,0.14629393815994263,0.10862497240304947,0.08659806847572327,0.09393351525068283,0.0952921137213707,0,0
5575.183436900001,0.5501124262809753,0.4104563593864441,0.2137475460767746,0.552636981010437,0.5390900373458862,0.37748920917510986,0.3800845444202423,0.3931781053543091,3.062392234802246,4.265858173370361,2.011936902999878,5.27640962600708,2.885989189147949,2.2069828510284424,2.6146438121795654,2.595123529434204,6.315106391906738,4.696950912475586,2.4914181232452393,5.335264205932617,5.182415962219238,2.745682716369629,3.705172300338745,3.6469900608062744,2.4333677291870117,3.428194046020508,2.123661756515503,2.5227718353271484,1.5463684797286987,1.1144789457321167,1.987818717956543,2.041797637939453,0.120674729347229,0.12338905036449432,0.14117169380187988,0.14416025578975677,0.11112431436777115,0.08732382208108902,0.09588544070720673,0.09393351525068283,0,0
5575.193436900001,0.5726808905601501,0.3950955867767334,0.22465595602989197,0.5349168181419373,0.524185836315155,0.3557564914226532,0.3804117739200592,0.3800845444202423,3.046900987625122,4.249840259552002,2.008145570755005,5.251423358917236,2.9211056232452393,2.261096954345703,2.6331892013549805,2.6146438121795654,6.330589294433594,4.716596603393555,2.5191993713378906,5.418518543243408,5.171584606170654,2.7820634841918945,3.7593348026275635,3.705172300338745,2.362792730331421,3.4147872924804688,2.0582265853881836,2.4332756996154785,1.5290985107421875,1.0750941038131714,1.9212408065795898,1.987818717956543,0.12208270281553268,0.12160992622375488,0.14611181616783142,0.14051705598831177,0.11429037898778915,0.08533389866352081,0.09562113136053085,0.09588544070720673,0,0
5575.203436900001,0.5835689306259155,0.39089322090148926,0.237009659409523,0.5159534811973572,0.5171098113059998,0.3423176407814026,0.38162410259246826,0.3804117739200592,3.02293062210083,4.2445878982543945,2.0042788982391357,5.243614673614502,2.9567275047302246,2.311988115310669,2.650141716003418,2.6331892013549805,6.3549346923828125,4.733363628387451,2.54402756690979,5.4996232986450195,5.15764856338501,2.8205671310424805,3.809379816055298,3.7593348026275635,2.2912325859069824,3.3922135829925537,1.9935662746429443,2.330505847930908,1.5630824565887451,1.0345771312713623,1.8570644855499268,1.9212408065795898,0.12229263782501221,0.11615383625030518,0.1434389352798462,0.1415727436542511,0.11245076358318329,0.08817115426063538,0.09180385619401932,0.09562113136053085,0,0
5575.213436900001,0.569415807723999,0.38671499490737915,0.2405989021062851,0.5074999332427979,0.5109432935714722,0.3318503201007843,0.3699534833431244,0.38162410259246826,2.975889205932617,4.24051570892334,1.9894639253616333,5.236785888671875,2.989694118499756,2.359677314758301,2.652888774871826,2.650141716003418,6.398895740509033,4.7480788230896,2.555581569671631,5.5850677490234375,5.14454460144043,2.857889175415039,3.8435418605804443,3.809379816055298,2.2011682987213135,3.3699307441711426,1.926190972328186,2.2346224784851074,1.5931395292282104,1.0454343557357788,1.7855236530303955,1.8570644855499268,0.12231967598199844,0.11378968507051468,0.14713531732559204,0.1391828954219818,0.10784570127725601,0.08785559982061386,0.09370756149291992,0.09180385619401932,0,0
5575.2745411000005,0.5468132495880127,0.3743773102760315,0.24334821105003357,0.49473515152931213,0.4882822632789612,0.3137739598751068,0.35165560245513916,0.3699534833431244,2.9208314418792725,4.242513179779053,1.9648723602294922,5.233861923217773,3.0024564266204834,2.3945281505584717,2.644688367843628,2.652888774871826,6.4438090324401855,4.752532005310059,2.5578999519348145,5.659679889678955,5.146964073181152,2.8858025074005127,3.869420051574707,3.8435418605804443,2.1100199222564697,3.340193510055542,1.8529314994812012,2.141108989715576,1.61532723903656,1.0723434686660767,1.7121233940124512,1.7855236530303955,0.12246599048376083,0.11423692852258682,0.14802271127700806,0.1392238885164261,0.11418850719928741,0.08611129224300385,0.09383337199687958,0.09370756149291992,0,0
5575.284541100001,0.5273101925849915,0.35938531160354614,0.24406501650810242,0.4692456126213074,0.45521679520606995,0.29623788595199585,0.335116446018219,0.35165560245513916,2.8714094161987305,4.254108905792236,1.945919394493103,5.244393348693848,3.0020720958709717,2.4209280014038086,2.6387593746185303,2.644688367843628,6.488559722900391,4.751257419586182,2.561011791229248,5.7244648933410645,5.151895999908447,2.910611391067505,3.892381429672241,3.869420051574707,2.022246837615967,3.309455156326294,1.787644386291504,2.046896457672119,1.6232788562774658,1.1000158786773682,1.642565369606018,1.7121233940124512,0.12346097081899643,0.11117871850728989,0.14973251521587372,0.1409401148557663,0.11532055586576462,0.08654449135065079,0.09426987916231155,0.09383337199687958,0,0
5575.294541100001,0.5104638934135437,0.34481319785118103,0.24177668988704681,0.44196635484695435,0.42772185802459717,0.2790272831916809,0.3204044699668884,0.335116446018219,2.825766086578369,4.263347148895264,1.9286333322525024,5.257774353027344,3.0039589405059814,2.448458433151245,2.6330299377441406,2.6387593746185303,6.533394813537598,4.748937129974365,2.5588958263397217,5.785707473754883,5.158389091491699,2.9298605918884277,3.9105570316314697,3.892381429672241,1.9370660781860352,3.2789807319641113,1.7221145629882812,2.083620309829712,1.631795883178711,1.1302803754806519,1.5753223896026611,1.642565369606018,0.11912368983030319,0.11158791929483414,0.15245240926742554,0.13938409090042114,0.11792222410440445,0.08900907635688782,0.0935656800866127,0.09426987916231155,0,0
5575.304541100001,0.50083327293396,0.32987940311431885,0.24174682796001434,0.4183070659637451,0.4008428752422333,0.26364976167678833,0.30863136053085327,0.3204044699668884,2.7963039875030518,4.270219802856445,1.9135828018188477,5.2704620361328125,3.007185697555542,2.474081516265869,2.6319003105163574,2.6330299377441406,6.5669450759887695,4.7384934425354,2.561332941055298,5.840036392211914,5.162972450256348,2.9464898109436035,3.934382438659668,3.9105570316314697,1.8586139678955078,3.245864152908325,1.66649329662323,2.118593215942383,1.6414902210235596,1.1593204736709595,1.5154460668563843,1.5753223896026611,0.12071164697408676,0.11154951900243759,0.1536615937948227,0.13958428800106049,0.11605029553174973,0.08895495533943176,0.09341122210025787,0.0935656800866127,0,0
5575.314541100001,0.49814674258232117,0.315791517496109,0.25255778431892395,0.3949546813964844,0.37872302532196045,0.25496724247932434,0.3017793893814087,0.30863136053085327,2.7772645950317383,4.2776641845703125,1.9098875522613525,5.282397747039795,3.0189476013183594,2.504305839538574,2.6355137825012207,2.6319003105163574,6.596796035766602,4.728221893310547,2.5730772018432617,5.892694473266602,5.159372329711914,2.970001220703125,3.9601218700408936,3.934382438659668,1.7822209596633911,3.21667742729187,1.6168208122253418,2.1507606506347656,1.6533976793289185,1.1927363872528076,1.4574575424194336,1.5154460668563843,0.12789584696292877,0.11021649092435837,0.15386533737182617,0.13589224219322205,0.11639741063117981,0.09158427268266678,0.09594325721263885,0.09341122210025787,0,0
5575.324541100002,0.4727521538734436,0.3040378987789154,0.26584142446517944,0.37289389967918396,0.39221760630607605,0.2558668553829193,0.2864820957183838,0.3017793893814087,2.7458794116973877,4.281322956085205,1.9097744226455688,5.293420791625977,3.0272836685180664,2.540911912918091,2.6312968730926514,2.6355137825012207,6.60151481628418,4.7201924324035645,2.5851097106933594,5.942476272583008,5.150574684143066,2.993499994277954,3.9894797801971436,3.9601218700408936,1.7273505926132202,3.1928319931030273,1.5688532590866089,2.1816155910491943,1.6668665409088135,1.2319188117980957,1.4096910953521729,1.4574575424194336,0.13375668227672577,0.11137782037258148,0.15195439755916595,0.13548223674297333,0.1251058131456375,0.09212192893028259,0.09614235907793045,0.09594325721263885,0,0
5575.334541100002,0.4659561812877655,0.29359397292137146,0.2690347731113434,0.35312533378601074,0.3923383057117462,0.25426092743873596,0.27662503719329834,0.2864820957183838,2.71527099609375,4.2837700843811035,1.9026728868484497,5.307830810546875,3.013002634048462,2.5726211071014404,2.6180672645568848,2.6312968730926514,6.5744709968566895,4.713040828704834,2.602466344833374,5.991331577301025,5.115374565124512,3.017515182495117,4.034294128417969,3.9894797801971436,1.6852493286132812,3.189356803894043,1.5320539474487305,2.2110397815704346,1.681713581085205,1.2705007791519165,1.3666653633117676,1.4096910953521729,0.13772019743919373,0.11091482639312744,0.15581642091274261,0.13676993548870087,0.130635067820549,0.08885042369365692,0.09793192148208618,0.09614235907793045,0,0
5575.344541100002,0.48111405968666077,0.27960798144340515,0.26357412338256836,0.33933886885643005,0.39988812804222107,0.24461603164672852,0.2797944247722626,0.27662503719329834,2.697477102279663,4.2899861335754395,1.893212080001831,5.326557636260986,2.9891865253448486,2.5948050022125244,2.6052405834198,2.6180672645568848,6.542977809906006,4.714071750640869,2.6337785720825195,6.04481840133667,5.056694030761719,3.053421974182129,4.087993144989014,4.034294128417969,1.6420091390609741,3.191603422164917,1.4976552724838257,2.246460199356079,1.6707782745361328,1.3190088272094727,1.3205119371414185,1.3666653633117676,0.1475631296634674,0.10669003427028656,0.15463787317276,0.13213542103767395,0.13144205510616302,0.09476430714130402,0.10103720426559448,0.09793192148208618,0,0
5575.4111677,0.48017385601997375,0.2773182690143585,0.2607281506061554,0.33169329166412354,0.4166792333126068,0.24589504301548004,0.2759106159210205,0.2797944247722626,2.6596944332122803,4.296562194824219,1.887128472328186,5.345786094665527,2.96378493309021,2.616274833679199,2.584803342819214,2.6052405834198,6.492885112762451,4.725414276123047,2.6689555644989014,6.101212501525879,4.995208740234375,3.0990030765533447,4.139018535614014,4.087993144989014,1.6218355894088745,3.193018913269043,1.4888554811477661,2.285672664642334,1.6495614051818848,1.365395188331604,1.3616867065429688,1.3205119371414185,0.15799199044704437,0.11273037642240524,0.15791065990924835,0.13758789002895355,0.14326338469982147,0.09184189885854721,0.10690992325544357,0.10103720426559448,0,0
