46886.0932676,10.915851593017578,9.741064071655273,7.6505208015441895,4.818403244018555,1.5039081573486328,-2.052339792251587,-5.653486728668213,-9.167877197265625,start_session_zensync,0
46886.1032676,-12.485908508300781,-15.341951370239258,-17.321685791015625,-17.892982482910156,-16.3767032623291,-12.319952964782715,-5.922194480895996,1.8694837093353271,['fadeout'],0
46886.113267600005,9.607088088989258,16.031497955322266,20.505672454833984,22.621511459350586,21.953100204467773,18.481046676635742,12.881830215454102,6.359276294708252,0,0
46886.12326760001,0.16262423992156982,-4.78452205657959,-7.954902648925781,-9.297564506530762,-9.179295539855957,-8.008782386779785,-6.045212745666504,-3.6604723930358887,0,0
46886.13326760001,-1.1661262512207031,1.4305962324142456,3.8379292488098145,5.360326766967773,5.617722988128662,4.7853474617004395,3.181795835494995,0.9359468817710876,0,0
46886.14326760001,-1.8280043601989746,-4.738032341003418,-7.349283218383789,-9.213200569152832,-9.754626274108887,-8.598762512207031,-6.054670810699463,-2.8139514923095703,0,0
46886.15326760001,0.6478466391563416,4.05656623840332,7.29984188079834,10.47264575958252,13.573620796203613,16.315095901489258,18.28028106689453,18.944292068481445,0,0
46886.163267600015,17.720577239990234,14.51890754699707,9.63354206085205,3.318788528442383,-3.7999267578125,-10.885881423950195,-17.289155960083008,-22.451915740966797,0,0
46886.6366305,16.242053985595703,13.28227424621582,11.097474098205566,9.754440307617188,8.843724250793457,7.9545979499816895,6.717833995819092,4.934230804443359,0,0
46886.6466305,-5.81030797958374,-5.440915584564209,-4.791234493255615,-4.194640636444092,-3.9070520401000977,-3.875039577484131,-3.8589439392089844,-3.5396320819854736,0,0
46886.6566305,-10.36914348602295,-7.735581398010254,-4.859140396118164,-2.029686689376831,0.4773721992969513,2.682001829147339,4.751891613006592,6.938509464263916,0,0
46886.6666305,10.700308799743652,6.622081279754639,2.0382795333862305,-2.5872251987457275,-6.676011085510254,-9.784055709838867,-11.789389610290527,-12.889636993408203,0,0
46886.676630500006,14.616646766662598,12.967559814453125,10.7250394821167,8.109396934509277,5.209843635559082,2.136707067489624,-0.86394864320755,-3.5584447383880615,0,0
46886.68663050001,-5.774093151092529,-7.4063897132873535,-8.476442337036133,-9.217000961303711,-10.002839088439941,-11.070660591125488,-12.488632202148438,-14.136174201965332,0,0
46886.69663050001,15.618947982788086,15.330172538757324,14.321416854858398,12.63903522491455,10.305048942565918,7.4681572914123535,4.504678249359131,1.777976155281067,0,0
46886.70663050001,1.6006110906600952,0.495191365480423,-0.06618845462799072,-0.3310811519622803,-0.24713194370269775,0.31534552574157715,1.3053427934646606,2.657383918762207,0,0
46886.7709031,1.1594871282577515,1.0376685857772827,1.3240019083023071,1.8285728693008423,1.8599447011947632,1.0607298612594604,-0.3891479969024658,-1.9551795721054077,0,0
46886.7809031,-3.0210368633270264,-3.21016001701355,-2.7140729427337646,-2.287058115005493,-2.368032455444336,-2.7731475830078125,-3.112184762954712,-2.9035558700561523,0,0
46886.7909031,15.618947982788086,15.330172538757324,14.321416854858398,12.63903522491455,10.305048942565918,7.4681572914123535,4.504678249359131,1.777976155281067,0,0
46886.800903100004,-0.49766749143600464,-2.2072646617889404,-3.455151081085205,-4.542990207672119,-5.7915496826171875,-7.4123921394348145,-9.34696102142334,-11.302983283996582,0,0
46886.810903100006,-1.8421454429626465,-0.07452646642923355,1.8840858936309814,3.693938732147217,5.404650688171387,6.706803321838379,6.856558799743652,5.6659393310546875,0,0
46886.82090310001,3.817539930343628,1.9681353569030762,0.15559402108192444,-1.575477123260498,-3.072582721710205,-4.565986633300781,-6.284826278686523,-7.939083576202393,0,0
46886.83090310001,13.038093566894531,11.646140098571777,9.711204528808594,7.316613674163818,4.564061164855957,1.5860352516174316,-1.5341086387634277,-4.761656761169434,0,0
46886.84090310001,-8.788922309875488,-8.38286304473877,-7.096209526062012,-5.269957542419434,-2.654232978820801,0.6740664839744568,3.983841896057129,6.478686809539795,0,0
46886.9063605,-15.197816848754883,-15.12845516204834,-14.181161880493164,-12.325882911682129,-9.606098175048828,-6.187695026397705,-2.4422872066497803,1.051034927368164,0,0
46886.9163605,3.766044855117798,5.5440874099731445,6.471854209899902,6.633962154388428,6.239257335662842,5.7439656257629395,5.434650421142578,5.225549221038818,0,0
46886.9263605,5.0799102783203125,5.01601505279541,4.970822334289551,4.852872848510742,4.436619281768799,3.478174924850464,1.9173407554626465,-0.14602969586849213,0,0
46886.9363605,-2.4693961143493652,-4.681427478790283,-6.541263580322266,-7.937991619110107,-8.690570831298828,-8.714902877807617,-8.092330932617188,-6.973913669586182,0,0
46886.946360500006,-5.558303356170654,-4.039444923400879,-2.4669549465179443,-0.6439780592918396,1.5555212497711182,3.8252058029174805,5.6733880043029785,6.925386905670166,0,0
46886.95636050001,7.763014316558838,8.308853149414062,8.472796440124512,8.081542015075684,6.994080066680908,5.2585601806640625,2.9649910926818848,0.08649154007434845,0,0
46886.96636050001,-3.231095790863037,-6.717484951019287,-10.162261962890625,-13.29361629486084,-15.8026762008667,-17.2641658782959,-17.272056579589844,-15.685587882995605,0,0
46886.97636050001,-12.567150115966797,-8.244585990905762,-3.100299119949341,2.677783727645874,8.724902153015137,14.334277153015137,18.852031707763672,22.038536071777344,0,0
46887.0435834,-2.4669549465179443,-0.6439780592918396,1.5555212497711182,3.8252058029174805,5.6733880043029785,6.925386905670166,7.763014316558838,8.308853149414062,0,0
46887.053583400004,8.472796440124512,8.081542015075684,6.994080066680908,5.2585601806640625,2.9649910926818848,0.08649154752492905,-3.231095790863037,-6.717484951019287,0,0
46887.063583400006,-10.162261962890625,-13.29361629486084,-15.8026762008667,-17.2641658782959,-17.272056579589844,-15.685587882995605,-12.567150115966797,-8.244585990905762,0,0
46887.07358340001,-3.100299119949341,2.677783727645874,8.724902153015137,14.334277153015137,18.852031707763672,22.038536071777344,24.021459579467773,24.90087127685547,0,0
46887.08358340001,24.57903480529785,22.893945693969727,19.69304084777832,15.099736213684082,9.68658447265625,4.14036226272583,-0.9460374712944031,-5.085789203643799,0,0
46887.09358340001,-7.970330238342285,-9.398845672607422,-9.247220039367676,-7.809069633483887,-5.944294452667236,-4.625300407409668,-4.431219100952148,-5.33998966217041,0,0
46887.103583400014,-7.022076606750488,-9.171847343444824,-11.484535217285156,-13.613771438598633,-15.302022933959961,-16.5615177154541,-17.37992286682129,-17.508039474487305,0,0
46887.113583400016,-16.728635787963867,-14.981748580932617,-12.216944694519043,-8.413992881774902,-3.8143982887268066,1.3470559120178223,7.033161163330078,12.875024795532227,0,0
46887.1789536,19.69304084777832,15.099736213684082,9.68658447265625,4.14036226272583,-0.9460374116897583,-5.085789203643799,-7.970330238342285,-9.398845672607422,0,0
46887.1889536,-9.247220039367676,-7.809069633483887,-5.944294452667236,-4.625300407409668,-4.431219100952148,-5.33998966217041,-7.022076606750488,-9.171847343444824,0,0
46887.198953600004,-11.484535217285156,-13.613771438598633,-15.302022933959961,-16.5615177154541,-17.37992286682129,-17.508039474487305,-16.728635787963867,-14.981748580932617,0,0
46887.208953600006,-12.216944694519043,-8.413992881774902,-3.8143982887268066,1.3470557928085327,7.033161163330078,12.875024795532227,18.107234954833984,22.237319946289062,0,0
46887.21895360001,25.0069637298584,25.98497772216797,24.83330726623535,21.752033233642578,17.49545669555664,12.62705135345459,7.293253421783447,1.847721815109253,0,0
46887.22895360001,-3.292414665222168,-7.903390407562256,-11.608717918395996,-13.968558311462402,-14.790725708007812,-14.047233581542969,-11.865303039550781,-8.614629745483398,0,0
46887.23895360001,-4.895628929138184,-1.3281102180480957,1.7977725267410278,4.294153213500977,5.8686418533325195,6.491512298583984,6.221141338348389,4.898036003112793,0,0
46887.248953600014,2.602729320526123,-0.11057919263839722,-2.649538993835449,-4.658133029937744,-5.99366569519043,-6.651589870452881,-6.475821018218994,-5.074157238006592,0,0
46887.313983500004,25.98497772216797,24.83330726623535,21.752033233642578,17.49545669555664,12.62705135345459,7.293253421783447,1.8477216958999634,-3.292414665222168,0,0
46887.323983500006,-7.903390407562256,-11.608717918395996,-13.968558311462402,-14.790725708007812,-14.047233581542969,-11.865303039550781,-8.614629745483398,-4.895628929138184,0,0
46887.33398350001,-1.3281102180480957,1.7977725267410278,4.294153213500977,5.8686418533325195,6.491512298583984,6.221141338348389,4.898036479949951,2.602729320526123,0,0
46887.34398350001,-0.11057912558317184,-2.649538993835449,-4.658132553100586,-5.99366569519043,-6.651589870452881,-6.475821018218994,-5.074157238006592,-2.26157283782959,0,0
46887.35398350001,1.5610911846160889,5.649069309234619,9.453277587890625,12.709694862365723,15.11166763305664,16.29390525817871,16.091026306152344,14.473654747009277,0,0
46887.363983500014,11.465084075927734,7.2320661544799805,1.630851149559021,-5.598608016967773,-13.799934387207031,-21.71468734741211,-28.18513298034668,-32.31208419799805,0,0
46887.373983500016,-33.5885124206543,-31.967374801635742,-27.820024490356445,-21.682777404785156,-14.301627159118652,-6.588119029998779,1.010866403579712,8.549276351928711,0,0
46887.38398350002,15.917600631713867,22.513229370117188,27.494516372680664,30.315256118774414,30.76326560974121,28.883302688598633,25.134532928466797,20.07796287536621,0,0
46888.2116308,-5.708137512207031,-2.609035015106201,0.24996131658554077,2.7322192192077637,4.628608703613281,5.7163896560668945,6.1040358543396,6.210177421569824,['Start_video_1'],0
46888.2216308,6.387641906738281,6.985619068145752,8.190729141235352,9.56442928314209,10.447265625,10.5846529006958,9.970292091369629,8.658514976501465,['fadein'],0
46888.2316308,6.8271708488464355,4.638415336608887,2.160782814025879,-0.578942596912384,-3.475736618041992,-6.280214786529541,-8.64622688293457,-10.135947227478027,0,0
46888.2416308,-10.457450866699219,-9.59016227722168,-7.770622730255127,-5.4566264152526855,-3.0278921127319336,-0.6714802980422974,1.6318496465682983,3.94162917137146,0,0
46888.251630800005,6.085474491119385,7.881332874298096,9.157604217529297,9.586124420166016,8.977622032165527,7.460007667541504,5.289031028747559,2.645761251449585,0,0
46888.26163080001,-0.22804680466651917,-2.9868898391723633,-5.52016019821167,-7.752695083618164,-9.308927536010742,-9.917896270751953,-9.57454776763916,-8.232876777648926,0,0
46888.27163080001,-6.020994186401367,-3.4501826763153076,-1.1555286645889282,0.3660736680030823,0.9891122579574585,1.0344822406768799,0.9222906827926636,0.7369344234466553,0,0
46888.28163080001,0.39036691188812256,0.011039996519684792,-0.23839567601680756,-0.376903772354126,-0.2479303479194641,0.46590906381607056,1.854162335395813,3.834550142288208,0,0
46888.807065,-15.433295249938965,-12.645201683044434,-9.83275032043457,-7.290899753570557,-5.286025524139404,-3.6160888671875,-1.8388031721115112,0.17726823687553406,0,0
46888.817065,-5.085790157318115,-7.970331192016602,-9.398843765258789,-9.24721908569336,-7.809071063995361,-5.944296360015869,-4.62529993057251,-4.43121862411499,0,0
46888.827065000005,-5.339991092681885,-7.022078514099121,-9.171847343444824,-11.48453426361084,-13.61377239227295,-15.302023887634277,-16.5615177154541,-17.379920959472656,0,0
46888.83706500001,-5.641976356506348,-5.386732578277588,-4.317768096923828,-2.8799519538879395,-1.3838200569152832,-0.023158833384513855,1.0175646543502808,1.4493224620819092,0,0
46888.84706500001,1.0493966341018677,-0.13433434069156647,-1.8737882375717163,-3.8807828426361084,-5.900755882263184,-7.601753234863281,-8.533875465393066,-8.387796401977539,0,0
46888.85706500001,-17.508039474487305,-16.728635787963867,-14.9817476272583,-12.21694278717041,-8.413991928100586,-3.814399003982544,1.3470557928085327,7.0331621170043945,0,0
46888.86706500001,12.875024795532227,18.107234954833984,22.237319946289062,25.00696563720703,25.98497772216797,24.83330535888672,21.752033233642578,17.49545669555664,0,0
46888.877065000015,-21.18181610107422,-19.605436325073242,-16.3167667388916,-11.541850090026855,-5.639845371246338,0.7478471994400024,7.031160831451416,12.786774635314941,0,0
46888.9697049,-19.41405487060547,-24.360010147094727,-27.519062042236328,-28.799549102783203,-28.114578247070312,-25.45961570739746,-21.081480026245117,-15.409337043762207,0,0
46888.979704900004,-7.229426860809326,-7.257086753845215,-7.111045837402344,-6.621880054473877,-5.859420299530029,-4.914029121398926,-3.5794272422790527,-1.9757529497146606,0,0
46888.98970490001,-7.412393569946289,-9.346965789794922,-11.302982330322266,-13.020998001098633,-14.2915620803833,-14.85189151763916,-14.38648796081543,-12.636652946472168,0,0
46888.99970490001,1.6658906936645508,2.9144327640533447,3.961148262023926,4.936012268066406,5.821079730987549,6.434858322143555,6.649533748626709,6.328977108001709,0,0
46889.00970490001,2.6362030506134033,2.589477062225342,0.9104253053665161,-1.913040280342102,-5.483353137969971,-9.465978622436523,-13.389880180358887,-16.807445526123047,0,0
46889.01970490001,-23.90366554260254,-19.13153076171875,-13.314603805541992,-7.025821685791016,-0.8551953434944153,4.796625137329102,9.783804893493652,13.974528312683105,0,0
46889.029704900015,16.938640594482422,18.4295597076416,18.656570434570312,17.921106338500977,16.46190643310547,14.56025505065918,12.521648406982422,10.360438346862793,0,0
46889.03970490002,8.050467491149902,5.846960067749023,3.836699962615967,1.9346898794174194,0.3113725185394287,-0.6081259846687317,-0.490399032831192,0.3176936209201813,0,0
46889.1290421,-2.8510193824768066,0.8915416598320007,4.861631870269775,8.786992073059082,12.090249061584473,14.59761905670166,16.350690841674805,17.116268157958984,0,0
46889.1390421,16.65625,15.07382583618164,12.750442504882812,9.861333847045898,6.306849956512451,2.2246809005737305,-1.9650771617889404,-5.778183937072754,0,0
46889.149042100005,-8.71705150604248,-10.498493194580078,-11.000585556030273,-10.081586837768555,-7.781444549560547,-4.341202735900879,-0.3376694917678833,3.437952756881714,0,0
46889.15904210001,6.6354241371154785,9.155829429626465,10.777352333068848,11.39922046661377,10.925174713134766,9.154610633850098,6.263327598571777,2.886125087738037,0,0
46889.16904210001,-0.5167714357376099,-3.7763755321502686,-6.667619228363037,-9.015447616577148,-10.62658405303955,-11.109057426452637,-10.348123550415039,-8.802924156188965,0,0
46889.17904210001,4.953037261962891,3.8102736473083496,2.543333053588867,1.4209797382354736,1.0401910543441772,1.6308525800704956,2.7423932552337646,3.992025375366211,0,0
46889.18904210001,-15.38072681427002,-14.647653579711914,-11.422402381896973,-5.310275077819824,3.2054364681243896,12.6443510055542,21.020353317260742,26.701274871826172,0,0
46889.199042100016,-4.462987899780273,-1.730315089225769,1.2820186614990234,4.215169429779053,6.4596076011657715,7.631557941436768,7.753905296325684,6.988494873046875,0,0
46889.2596254,-0.40308859944343567,3.2502970695495605,6.439669132232666,8.755804061889648,9.980905532836914,10.162843704223633,9.458609580993652,8.017890930175781,0,0
46889.269625400004,6.1081061363220215,3.941910743713379,1.4755032062530518,-1.287577509880066,-4.166780948638916,-6.884511947631836,-9.154888153076172,-10.757274627685547,0,0
46889.279625400006,-11.412598609924316,-10.942110061645508,-9.528667449951172,-7.4695234298706055,-5.017330646514893,-2.3183605670928955,0.6868505477905273,3.938358783721924,0,0
46889.28962540001,6.960084438323975,9.189604759216309,10.531270027160645,11.135729789733887,10.915857315063477,9.74107551574707,7.650516510009766,4.8183913230896,0,0
46889.29962540001,1.5039104223251343,-2.052327871322632,-5.653487682342529,-9.167889595031738,-12.485909461975098,-15.341939926147461,-17.321683883666992,-17.892993927001953,0,0
46889.30962540001,-16.376707077026367,-12.31994342803955,-5.922189712524414,1.869473934173584,9.607081413269043,16.03150749206543,20.50568199157715,22.621505737304688,0,0
46889.319625400014,21.953092575073242,18.48105239868164,12.881839752197266,6.359272003173828,0.162615105509758,-4.784518241882324,-7.954892635345459,-9.297566413879395,0,0
46889.329625400016,-9.179306030273438,-8.008781433105469,-6.04520320892334,-3.6604721546173096,-1.1661357879638672,1.4305942058563232,3.837937831878662,5.360329627990723,0,0
46889.7014476,-8.199119567871094,-7.886568069458008,-8.411652565002441,-9.603779792785645,-10.790254592895508,-11.389922142028809,-11.214632034301758,-10.207911491394043,0,0
46889.7114476,8.246560096740723,11.07408332824707,13.187562942504883,14.506096839904785,15.078648567199707,15.049827575683594,14.743950843811035,14.518089294433594,0,0
46889.7214476,8.590428352355957,5.644123077392578,2.2299890518188477,-1.340739130973816,-4.5861897468566895,-6.877453804016113,-7.7460527420043945,-7.206058025360107,0,0
46889.7314476,-8.196053504943848,-12.282941818237305,-15.953531265258789,-19.07809829711914,-21.661216735839844,-23.649057388305664,-24.826663970947266,-25.117591857910156,0,0
46889.741447600005,3.370854616165161,2.5894742012023926,1.5720021724700928,0.42852193117141724,-0.8184135556221008,-2.2479467391967773,-3.943620443344116,-5.822396278381348,0,0
46889.75144760001,-10.197602272033691,-11.390213966369629,-11.63121509552002,-11.241985321044922,-10.633240699768066,-9.956023216247559,-9.124780654907227,-8.075566291809082,0,0
46889.76144760001,3.409191131591797,7.466770648956299,10.965478897094727,13.58149528503418,14.940058708190918,14.770828247070312,13.268390655517578,10.664344787597656,0,0
46889.77144760001,3.27156662940979,5.513773441314697,7.797837257385254,9.501108169555664,10.315991401672363,10.152359008789062,8.928938865661621,6.7988057136535645,0,0
46890.6849161,34.93733215332031,35.5219841003418,33.86520767211914,30.409069061279297,25.718076705932617,20.264720916748047,14.421797752380371,8.55037784576416,0,0
46890.6949161,-9.17184829711914,-11.484535217285156,-13.613771438598633,-15.302022933959961,-16.5615177154541,-17.37992286682129,-17.508039474487305,-16.728635787963867,0,0
46890.7049161,-16.543764114379883,-15.628199577331543,-13.280774116516113,-9.71397876739502,-5.47630500793457,-1.1296823024749756,2.9126501083374023,6.234576225280762,0,0
46890.714916100005,-26.04937171936035,-30.551406860351562,-32.952850341796875,-32.88508605957031,-30.095123291015625,-24.61644172668457,-16.96923828125,-7.79893159866333,0,0
46890.72491610001,1.8477210998535156,-3.292415142059326,-7.903390884399414,-11.608717918395996,-13.968558311462402,-14.790725708007812,-14.047233581542969,-11.865303039550781,0,0
46890.73491610001,51.455562591552734,46.74991226196289,38.26123046875,26.80418586730957,13.588956832885742,-0.0881504938006401,-13.174456596374512,-24.984844207763672,0,0
46890.74491610001,4.898036003112793,2.602729082107544,-0.11057961732149124,-2.6495394706726074,-4.658133506774902,-5.993666172027588,-6.651590824127197,-6.475821018218994,0,0
46890.75491610001,27.818082809448242,26.839305877685547,24.869293212890625,22.378149032592773,19.47098731994629,16.467294692993164,13.839548110961914,11.692736625671387,0,0
46890.8158608,-3.040670871734619,-4.2837724685668945,-4.483752727508545,-3.0160300731658936,-0.027150431647896767,3.1778125762939453,5.375833511352539,6.567550182342529,0,0
46890.8258608,6.491512298583984,6.221141338348389,4.898036003112793,2.602729082107544,-0.11057963222265244,-2.6495394706726074,-4.658133506774902,-5.993666172027588,0,0
46890.835860800005,7.099667549133301,7.047609329223633,6.6391987800598145,6.09942626953125,5.126756191253662,3.2015843391418457,0.37650084495544434,-2.8584039211273193,0,0
46890.84586080001,15.111668586730957,16.293907165527344,16.091028213500977,14.473654747009277,11.46508502960205,7.306319236755371,2.4878058433532715,-2.5804316997528076,0,0
46890.85586080001,-7.734715938568115,-12.752448081970215,-17.214414596557617,-20.671213150024414,-22.884658813476562,-23.8043155670166,-23.369726181030273,-21.64073944091797,0,0
46890.86586080001,-6.0768842697143555,-8.875836372375488,-10.63037109375,-10.579309463500977,-8.907147407531738,-6.738292217254639,-4.564598083496094,-2.297362804412842,0,0
46890.87586080001,0.004438070114701986,2.477052927017212,5.5942912101745605,9.231194496154785,12.104886054992676,13.146297454833984,12.416513442993164,10.409461975097656,0,0
46890.885860800016,1.971243143081665,-0.1004270389676094,-1.637184500694275,-2.5954535007476807,-2.90830135345459,-2.521681547164917,-1.5658316612243652,-0.31576770544052124,0,0
46890.9520248,-0.3157680332660675,1.0341218709945679,2.479461431503296,4.0595598220825195,5.5702080726623535,6.78389835357666,7.647749900817871,8.0872220993042,0,0
46890.9620248,8.030041694641113,7.39511251449585,6.276013374328613,5.129875659942627,4.19632625579834,3.2195732593536377,2.0156967639923096,0.6959527730941772,0,0
46890.9720248,-0.6437520384788513,-2.085676431655884,-3.734771966934204,-5.463755130767822,-7.045084476470947,-8.501237869262695,-9.990870475769043,-11.530895233154297,0,0
46890.9820248,-12.99891185760498,-14.210886001586914,-14.996082305908203,-15.340019226074219,-15.313604354858398,-14.79540729522705,-13.486687660217285,-11.100759506225586,0,0
46890.992024800005,-7.6016387939453125,-3.111945152282715,2.307784080505371,8.329928398132324,14.443690299987793,20.29678726196289,25.449756622314453,29.176231384277344,0,0
46891.00202480001,30.720027923583984,29.598844528198242,25.732343673706055,19.663206100463867,12.416961669921875,5.0056891441345215,-1.7111550569534302,-7.211696624755859,0,0
46891.01202480001,-11.474875450134277,-14.674369812011719,-16.958309173583984,-18.412353515625,-19.000730514526367,-18.629928588867188,-17.35298728942871,-15.476326942443848,0,0
46891.02202480001,-13.253555297851562,-10.701566696166992,-7.857726573944092,-4.844624042510986,-1.9328243732452393,0.5041342973709106,2.379058599472046,3.916445016860962,0,0
46891.0863932,2.307784080505371,8.329928398132324,14.443690299987793,20.29678726196289,25.449756622314453,29.176231384277344,30.720027923583984,29.598844528198242,0,0
46891.0963932,25.732343673706055,19.663206100463867,12.416961669921875,5.0056891441345215,-1.7111549377441406,-7.211696624755859,-11.474875450134277,-14.674369812011719,0,0
46891.1063932,-16.958309173583984,-18.412353515625,-19.000730514526367,-18.629928588867188,-17.35298728942871,-15.476326942443848,-13.253555297851562,-10.701566696166992,0,0
46891.116393200005,-7.857726573944092,-4.844624042510986,-1.9328243732452393,0.5041342973709106,2.379058599472046,3.916445016860962,5.503604412078857,7.495211601257324,0,0
46891.12639320001,10.068227767944336,13.266440391540527,16.519248962402344,18.61771583557129,18.719404220581055,16.736116409301758,12.960735321044922,7.840760231018066,0,0
46891.13639320001,1.9657738208770752,-4.073540687561035,-10.024751663208008,-15.784014701843262,-20.8729190826416,-24.689329147338867,-26.899925231933594,-27.323699951171875,0,0
46891.14639320001,-25.871849060058594,-22.588050842285156,-17.70009422302246,-11.618146896362305,-4.89485502243042,1.858056902885437,8.19886589050293,13.898638725280762,0,0
46891.15639320001,18.762094497680664,22.514904022216797,24.86068344116211,25.661800384521484,25.13134002685547,23.65669822692871,21.53533935546875,19.15990447998047,0,0
46891.2216027,16.519248962402344,18.61771583557129,18.719404220581055,16.736116409301758,12.960735321044922,7.840760231018066,1.9657738208770752,-4.073540687561035,0,0
46891.231602700005,-10.024751663208008,-15.784014701843262,-20.8729190826416,-24.689329147338867,-26.899925231933594,-27.323699951171875,-25.871849060058594,-22.588050842285156,0,0
46891.24160270001,-17.70009422302246,-11.618146896362305,-4.89485502243042,1.858056902885437,8.19886589050293,13.898638725280762,18.762094497680664,22.514904022216797,0,0
46891.25160270001,24.86068344116211,25.661800384521484,25.13134002685547,23.65669822692871,21.53533935546875,19.15990447998047,17.002330780029297,15.233731269836426,0,0
46891.26160270001,13.703015327453613,12.261896133422852,10.771203994750977,9.064630508422852,7.074467182159424,4.604369640350342,1.335637092590332,-2.860722780227661,0,0
46891.27160270001,-7.879350662231445,-13.296875953674316,-18.329017639160156,-22.284700393676758,-24.893238067626953,-26.0565242767334,-25.855119705200195,-24.61716079711914,0,0
46891.281602700015,-22.665752410888672,-20.25934600830078,-17.68868064880371,-15.273021697998047,-13.08366584777832,-10.944007873535156,-8.563034057617188,-5.547452449798584,0,0
46891.29160270002,-1.8462167978286743,2.2731847763061523,6.598155975341797,10.962340354919434,15.126605987548828,18.629077911376953,21.122766494750977,22.712732315063477,0,0
46891.3579403,10.771203994750977,9.064630508422852,7.074467182159424,4.604369640350342,1.335637092590332,-2.860722780227661,-7.879350185394287,-13.296875953674316,0,0
46891.3679403,-18.329017639160156,-22.284700393676758,-24.893238067626953,-26.0565242767334,-25.855119705200195,-24.61716079711914,-22.665752410888672,-20.25934600830078,0,0
46891.3779403,-17.68868064880371,-15.273021697998047,-13.08366584777832,-10.944007873535156,-8.563034057617188,-5.547452449798584,-1.8462167978286743,2.2731847763061523,0,0
46891.3879403,6.598155975341797,10.962340354919434,15.126605987548828,18.629077911376953,21.122766494750977,22.712732315063477,23.508617401123047,23.5646915435791,0,0
46891.397940300005,23.051862716674805,21.88178825378418,19.82157325744629,16.724563598632812,12.702855110168457,8.239442825317383,3.643024444580078,-1.0325188636779785,0,0
46891.40794030001,-5.672828197479248,-10.164669036865234,-14.45233154296875,-18.38266372680664,-21.579971313476562,-23.758617401123047,-24.880434036254883,-24.803022384643555,0,0
46891.41794030001,-23.389963150024414,-20.760906219482422,-17.036928176879883,-12.357069969177246,-7.065323352813721,-1.586934208869934,3.5933518409729004,8.096315383911133,0,0
46891.42794030001,11.85940170288086,14.70695686340332,16.274782180786133,16.439077377319336,15.273698806762695,13.034796714782715,10.193058013916016,7.165582656860352,0,0
46892.2339316,8.861761093139648,3.3238425254821777,-2.3327462673187256,-8.04594898223877,-13.699225425720215,-18.85520362854004,-22.84111213684082,-25.146636962890625,0,0
46892.2439316,-25.56049346923828,-24.112136840820312,-21.047956466674805,-16.896446228027344,-12.308918952941895,-7.713099956512451,-3.319685697555542,0.7633973360061646,0,0
46892.253931600004,4.6364970207214355,8.514115333557129,12.306567192077637,15.509245872497559,17.675765991210938,18.703781127929688,18.699068069458008,17.848384857177734,0,0
46892.263931600006,16.356691360473633,14.336538314819336,11.708595275878906,8.39963436126709,4.740279197692871,1.3639190196990967,-1.4555433988571167,-3.786273241043091,0,0
46892.27393160001,-5.715846538543701,-7.574797630310059,-9.68062686920166,-11.752618789672852,-13.160606384277344,-13.579465866088867,-13.091493606567383,-12.012157440185547,0,0
46892.28393160001,-10.730347633361816,-9.469442367553711,-8.094701766967773,-6.167921543121338,-3.201002359390259,1.1015716791152954,6.5476813316345215,12.346379280090332,0,0
46892.29393160001,17.34735679626465,20.505767822265625,21.434480667114258,20.47332763671875,18.171916961669922,14.848875045776367,10.384221076965332,4.327058792114258,0,0
46892.303931600014,-3.374896764755249,-11.832934379577637,-19.650739669799805,-25.699743270874023,-29.29205322265625,-29.88930892944336,-27.293392181396484,-21.93736457824707,0,0
46892.6717808,-0.8302261233329773,-3.6136651039123535,-6.327970504760742,-8.395736694335938,-9.510075569152832,-9.759634971618652,-9.43832015991211,-8.888299942016602,0,0
46892.681780800005,-8.643264770507812,-7.276876449584961,-4.378921985626221,0.1622346192598343,5.733046054840088,11.050002098083496,14.888846397399902,16.6820011138916,0,0
46892.69178080001,-15.00246810913086,-13.643481254577637,-11.233094215393066,-7.971369743347168,-4.154951572418213,-0.1564900428056717,3.9213249683380127,7.759289741516113,0,0
46892.70178080001,-0.648102343082428,-1.2285573482513428,-1.1956002712249756,-0.9381616115570068,-0.5950950980186462,-0.06408803910017014,0.6959940791130066,1.7607359886169434,0,0
46892.71178080001,-2.191915273666382,-4.0329203605651855,-4.868520259857178,-4.712522506713867,-3.9007790088653564,-2.67289137840271,-1.1070507764816284,0.8078527450561523,0,0
46892.72178080001,5.095011234283447,2.6207780838012695,-0.3484038710594177,-3.8611366748809814,-7.891759395599365,-12.279452323913574,-16.69900894165039,-20.642255783081055,0,0
46892.731780800015,0.5165737867355347,-3.77896785736084,-8.12104320526123,-11.990633964538574,-15.091211318969727,-17.260812759399414,-18.385011672973633,-18.353933334350586,0,0
46892.74178080002,8.772626876831055,10.90967845916748,12.490344047546387,13.411286354064941,13.580585479736328,12.982320785522461,11.80627155303955,10.1698637008667,0,0
46892.8063717,0.607372522354126,2.4255731105804443,3.497863531112671,3.8606252670288086,3.681732177734375,3.0682578086853027,1.9818631410598755,0.4514593482017517,0,0
46892.8163717,-1.3143742084503174,-7.542168140411377,-12.62431812286377,-16.380401611328125,-18.890338897705078,-19.99855613708496,-19.654409408569336,-18.206790924072266,0,0
46892.8263717,-1.323488473892212,-3.098173141479492,-4.628692150115967,-5.665694713592529,-6.068333148956299,-5.901887893676758,-5.337560176849365,-4.447877407073975,0,0
46892.8363717,3.7973601818084717,4.505758762359619,4.193413257598877,2.585127592086792,-0.18016278743743896,-3.6706981658935547,-7.548281192779541,-11.434656143188477,0,0
46892.846371700005,-3.17586612701416,-1.4968297481536865,0.5463758707046509,2.8593146800994873,5.223158359527588,7.431198596954346,9.468725204467773,11.260936737060547,0,0
46892.85637170001,6.089715480804443,12.40733814239502,17.845413208007812,22.42945098876953,26.355012893676758,29.657621383666992,32.02303695678711,32.71656799316406,0,0
46892.86637170001,12.494272232055664,12.866384506225586,12.24093246459961,10.621259689331055,8.108437538146973,4.9448676109313965,1.5392340421676636,-1.7797417640686035,0,0
46892.87637170001,-29.19400978088379,-33.98714065551758,-36.79087448120117,-37.261932373046875,-35.31886672973633,-31.121536254882812,-24.992389678955078,-17.416667938232422,0,0
46892.9478353,-4.162628650665283,-1.636923909187317,0.9961721897125244,3.550705671310425,5.804222583770752,7.461618423461914,8.29043960571289,8.273375511169434,0,0
46892.9578353,6.089715480804443,12.40733814239502,17.845413208007812,22.42945098876953,26.355012893676758,29.657621383666992,32.02303695678711,32.71656799316406,0,0
46892.967835300005,30.9710693359375,26.527629852294922,19.706016540527344,11.223437309265137,2.072902202606201,-6.854730606079102,-15.19586181640625,-22.783166885375977,0,0
46892.97783530001,7.518947601318359,6.2226033210754395,4.733757019042969,3.2496089935302734,1.5641316175460815,-0.5064747929573059,-2.811298370361328,-4.978980541229248,0,0
46892.98783530001,-6.631073474884033,-7.601302146911621,-7.851573944091797,-7.347880840301514,-6.224757194519043,-4.743457794189453,-3.0702507495880127,-1.247667908668518,0,0
46892.99783530001,24.83238983154297,22.36852264404297,19.386844635009766,16.206451416015625,13.243805885314941,11.057330131530762,9.716952323913574,8.810778617858887,0,0
46893.00783530001,0.7377815842628479,2.8624179363250732,4.846318244934082,6.233544826507568,6.907331466674805,7.005223751068115,6.446259498596191,5.1573615074157715,0,0
46893.017835300016,-10.204386711120605,-13.259681701660156,-15.94683837890625,-18.151430130004883,-19.790117263793945,-20.646482467651367,-20.555580139160156,-19.45588493347168,0,0
46893.1377767,8.810778617858887,7.9243927001953125,6.69010066986084,4.912135601043701,2.7402303218841553,0.46706658601760864,-1.7571831941604614,-4.178370952606201,0,0
46893.1477767,-7.056910037994385,-10.204386711120605,-13.259681701660156,-15.946837425231934,-18.151430130004883,-19.790115356445312,-20.646482467651367,-20.555580139160156,0,0
46893.157776700005,-19.45588493347168,-17.51775360107422,-15.19556713104248,-12.802080154418945,-10.359395980834961,-7.727215766906738,-4.85426139831543,-2.0288448333740234,0,0
46893.16777670001,0.4762357175350189,2.679971218109131,4.747538089752197,6.93110466003418,9.225247383117676,11.345919609069824,13.118281364440918,14.442266464233398,0,0
46893.17777670001,15.357921600341797,15.942066192626953,16.04445457458496,15.597635269165039,14.609867095947266,12.963013648986816,10.722476959228516,8.107342720031738,0,0
46893.18777670001,5.20835018157959,2.137129306793213,-0.8616095781326294,-3.55568528175354,-5.77138090133667,-7.402659893035889,-8.471421241760254,-9.211997985839844,0,0
46893.19777670001,-9.998636245727539,-11.066444396972656,-12.483847618103027,-14.131784439086914,-15.47866439819336,-15.856440544128418,-14.85234260559082,-12.371582984924316,0,0
46893.207776700016,-8.677380561828613,-4.239996910095215,0.4033339023590088,4.62495756149292,7.881896018981934,9.942647933959961,10.771308898925781,10.493488311767578,0,0
46893.2934546,10.722476959228516,8.107342720031738,5.20835018157959,2.137129306793213,-0.8616095781326294,-3.55568528175354,-5.77138090133667,-7.402659893035889,0,0
46893.303454600005,-8.471421241760254,-9.211997985839844,-9.998636245727539,-11.066444396972656,-12.483847618103027,-14.131784439086914,-15.47866439819336,-15.856440544128418,0,0
46893.31345460001,-14.85234260559082,-12.371582984924316,-8.677380561828613,-4.239996910095215,0.4033339023590088,4.62495756149292,7.881896018981934,9.942647933959961,0,0
46893.32345460001,10.771308898925781,10.493488311767578,9.418558120727539,7.716748237609863,5.543063163757324,3.3529927730560303,1.5988810062408447,0.4932423532009125,0,0
46893.33345460001,-0.06777749955654144,-0.33188968896865845,-0.24759714305400848,0.3147810995578766,1.3050185441970825,2.657745122909546,4.214085102081299,5.772176742553711,0,0
46893.34345460001,7.188207626342773,8.22800350189209,8.656275749206543,8.407966613769531,7.65163516998291,6.7552714347839355,5.925017833709717,4.86090612411499,0,0
46893.353454600016,3.0146446228027344,0.16680322587490082,-3.303516149520874,-6.737689018249512,-9.700864791870117,-12.017633438110352,-13.652626991271973,-14.595196723937988,0,0
46893.36345460002,-14.684709548950195,-13.824227333068848,-12.208783149719238,-10.095006942749023,-7.748342990875244,-5.479996204376221,-3.462566614151001,-1.684744954109192,0,0
46893.8894813,-4.407826900482178,1.5888417959213257,7.567877292633057,13.075722694396973,17.79140281677246,21.245323181152344,23.019384384155273,22.922122955322266,0,0
46893.8994813,8.926697731018066,13.570882797241211,17.460773468017578,20.032447814941406,21.30403709411621,21.400070190429688,20.013957977294922,16.879241943359375,0,0
46893.909481300005,20.809614181518555,16.45362091064453,9.793581008911133,1.4355354309082031,-7.4209818840026855,-15.668527603149414,-22.83085060119629,-28.60053253173828,0,0
46893.91948130001,-23.06092643737793,-17.517499923706055,-10.472796440124512,-2.9968831539154053,3.955277919769287,9.569926261901855,13.565187454223633,16.185781478881836,0,0
46893.92948130001,-32.46393966674805,-34.03143310546875,-33.11412811279297,-29.979766845703125,-25.295181274414062,-19.625364303588867,-13.449695587158203,-7.156461715698242,0,0
46893.93948130001,-3.63488507270813,-6.729762077331543,-9.063142776489258,-10.680702209472656,-11.84531021118164,-12.748348236083984,-13.302497863769531,-13.244245529174805,0,0
46893.94948130001,-0.8981276750564575,5.132124423980713,10.565938949584961,15.113495826721191,18.481630325317383,20.259809494018555,20.30817222595215,18.89691162109375,0,0
46893.959481300015,18.17384147644043,22.27308464050293,24.987411499023438,25.88471221923828,24.677690505981445,20.76062774658203,13.456168174743652,3.2681992053985596,0,0
46894.6326556,6.593770503997803,10.9580078125,15.123026847839355,18.627029418945312,21.121753692626953,22.711992263793945,23.508485794067383,23.565832138061523,0,0
46894.6426556,-5.669919967651367,-10.162317276000977,-14.450682640075684,-18.381244659423828,-21.57866668701172,-23.757884979248047,-24.880430221557617,-24.80331802368164,0,0
46894.6526556,-8.23532772064209,-6.022675037384033,-3.450357437133789,-1.1566673517227173,0.3630879819393158,0.9866011142730713,1.0337083339691162,0.9213795065879822,0,0
46894.662655600005,4.156466484069824,1.3093984127044678,-1.2407464981079102,-3.524988889694214,-5.50861120223999,-6.977019309997559,-7.7819013595581055,-7.796829700469971,0,0
46894.67265560001,3.8346810340881348,6.120668888092041,8.182781219482422,9.63975715637207,10.493776321411133,10.914111137390137,11.044439315795898,10.988847732543945,0,0
46894.68265560001,4.323704719543457,5.767418384552002,6.9275593757629395,7.660519599914551,7.535773277282715,6.116458415985107,3.3374452590942383,-0.44366008043289185,0,0
46894.69265560001,-6.306449890136719,-2.8829355239868164,0.5008638501167297,3.8139562606811523,7.047395706176758,10.024253845214844,12.627278327941895,14.800606727600098,0,0
46894.70265560001,11.068775177001953,17.201251983642578,20.927736282348633,21.910564422607422,20.449344635009766,17.273109436035156,13.026151657104492,8.19438362121582,0,0
46894.7684179,7.881896018981934,9.942647933959961,10.771308898925781,10.493488311767578,9.418558120727539,7.716748237609863,5.543063163757324,3.352992534637451,0,0
46894.7784179,4.214085102081299,5.772176265716553,7.188208103179932,8.22800350189209,8.656275749206543,8.407966613769531,7.651635646820068,6.755271911621094,0,0
46894.7884179,-8.23532772064209,-6.022675037384033,-3.450357437133789,-1.1566673517227173,0.3630879819393158,0.9866011142730713,1.0337083339691162,0.9213795065879822,0,0
46894.798417900005,-13.652626991271973,-14.595196723937988,-14.684709548950195,-13.824227333068848,-12.208783149719238,-10.09500789642334,-7.748342990875244,-5.479996204376221,0,0
46894.80841790001,8.25533390045166,8.851370811462402,9.91708755493164,10.955625534057617,11.472643852233887,11.218897819519043,10.282768249511719,9.345475196838379,0,0
46894.81841790001,10.78647518157959,10.290660858154297,9.051702499389648,6.496066570281982,2.3267858028411865,-3.2845964431762695,-9.773096084594727,-16.24457550048828,0,0
46894.82841790001,-19.45882797241211,-21.892831802368164,-22.277631759643555,-20.824474334716797,-18.086772918701172,-14.79047679901123,-11.398531913757324,-7.96185827255249,0,0
46894.83841790001,11.068775177001953,17.201251983642578,20.927736282348633,21.910564422607422,20.449344635009766,17.273109436035156,13.026151657104492,8.19438362121582,0,0
46894.9013778,-8.53001594543457,-9.126410484313965,-8.780277252197266,-7.479739189147949,-5.67596435546875,-3.8736088275909424,-2.066115617752075,-0.41677579283714294,0,0
46894.9113778,-7.538764476776123,-2.6503496170043945,2.748589277267456,8.027650833129883,12.722735404968262,16.60517120361328,19.50389289855957,21.15457534790039,0,0
46894.921377800005,0.46010255813598633,0.39069312810897827,-0.4923185706138611,-2.4322025775909424,-5.426419734954834,-8.86587905883789,-12.084181785583496,-14.715099334716797,0,0
46894.93137780001,-26.059572219848633,-30.657154083251953,-33.13026428222656,-33.33998107910156,-31.301258087158203,-27.493370056152344,-22.56804847717285,-16.924989700317383,0,0
46894.94137780001,-16.6188907623291,-17.559961318969727,-17.293216705322266,-15.974701881408691,-13.821737289428711,-10.75924015045166,-6.927969455718994,-2.7221598625183105,0,0
46894.95137780001,19.623695373535156,18.70488929748535,17.36898422241211,15.833245277404785,14.429285049438477,13.529972076416016,13.217450141906738,13.310772895812988,0,0
46894.96137780001,1.6990947723388672,6.337920665740967,10.775053977966309,14.505059242248535,17.62078857421875,20.195470809936523,21.99291229248047,22.73737907409668,0,0
46894.971377800015,-5.590351581573486,-9.582563400268555,-13.36801528930664,-16.695077896118164,-19.17075538635254,-20.47669792175293,-20.63226318359375,-19.751068115234375,0,0
46895.0353567,18.95790672302246,19.845111846923828,19.623695373535156,18.70488929748535,17.36898422241211,15.833245277404785,14.429285049438477,13.529972076416016,0,0
46895.0453567,13.217450141906738,13.310772895812988,13.595769882202148,13.797313690185547,13.409210205078125,11.967833518981934,9.516230583190918,6.277609825134277,0,0
46895.0553567,2.472144365310669,-1.549439549446106,-5.590351581573486,-9.582563400268555,-13.36801528930664,-16.695077896118164,-19.17075538635254,-20.47669792175293,0,0
46895.065356700004,-20.63226318359375,-19.751068115234375,-17.9263973236084,-15.433467864990234,-12.645395278930664,-9.832609176635742,-7.290688514709473,-5.286125659942627,0,0
46895.07535670001,-3.6162941455841064,-1.838714361190796,0.17750060558319092,2.331752061843872,4.499482154846191,6.6438374519348145,8.78701400756836,10.867116928100586,0,0
46895.08535670001,12.728771209716797,13.960553169250488,14.025479316711426,12.861516952514648,10.72922420501709,7.889427661895752,4.787271976470947,1.7810570001602173,0,0
46895.09535670001,-0.9589860439300537,-3.225179672241211,-4.857927322387695,-5.641850471496582,-5.386842250823975,-4.317914962768555,-2.8798773288726807,-1.3836802244186401,0,0
46895.10535670001,-0.023222990334033966,1.0174124240875244,1.449355959892273,1.0495402812957764,-0.13435286283493042,-1.873931646347046,-3.8807852268218994,-5.900619029998779,0,0
46895.1716476,0.1775006204843521,2.331752061843872,4.499482154846191,6.6438374519348145,8.78701400756836,10.867116928100586,12.728771209716797,13.960553169250488,0,0
46895.1816476,14.025479316711426,12.861516952514648,10.72922420501709,7.889427661895752,4.787271976470947,1.7810570001602173,-0.9589860439300537,-3.225179672241211,0,0
46895.191647600004,-4.857927322387695,-5.641850471496582,-5.386842250823975,-4.317914962768555,-2.8798773288726807,-1.3836803436279297,-0.023222992196679115,1.0174124240875244,0,0
46895.201647600006,1.449355959892273,1.0495402812957764,-0.13435286283493042,-1.873931646347046,-3.8807852268218994,-5.900619029998779,-7.601731300354004,-8.534000396728516,0,0
46895.21164760001,-8.387829780578613,-7.002857208251953,-4.254898548126221,-0.11618587374687195,5.158860683441162,10.848738670349121,15.84206485748291,18.944570541381836,0,0
46895.22164760001,19.354982376098633,16.96647071838379,12.199333190917969,5.722347259521484,-1.5463794469833374,-8.535811424255371,-14.360713958740234,-18.516624450683594,0,0
46895.23164760001,-20.82401466369629,-21.181804656982422,-19.605358123779297,-16.316768646240234,-11.541926383972168,-5.639857292175293,0.7479137778282166,7.031176567077637,0,0
46895.241647600014,12.786710739135742,17.615745544433594,21.132774353027344,23.033222198486328,23.20657730102539,21.706501007080078,18.72882080078125,14.571281433105469,0,0
46895.3059607,-4.254898548126221,-0.11618586629629135,5.158860683441162,10.848738670349121,15.84206485748291,18.944570541381836,19.354982376098633,16.96647071838379,0,0
46895.315960700005,12.199333190917969,5.722347259521484,-1.5463794469833374,-8.535811424255371,-14.360713958740234,-18.516624450683594,-20.82401466369629,-21.181804656982422,0,0
46895.32596070001,-19.605358123779297,-16.316768646240234,-11.541926383972168,-5.639857292175293,0.7479137778282166,7.031176567077637,12.786710739135742,17.615745544433594,0,0
46895.33596070001,21.132774353027344,23.033222198486328,23.20657730102539,21.706501007080078,18.72882080078125,14.571281433105469,9.500386238098145,3.8214786052703857,0,0
46895.34596070001,-2.07201886177063,-7.791032314300537,-12.91973876953125,-16.92542266845703,-19.291471481323242,-19.79983901977539,-18.544763565063477,-15.854995727539062,0,0
46895.35596070001,-12.250917434692383,-8.223999977111816,-4.114044666290283,-0.21629971265792847,3.1602704524993896,5.714762210845947,7.241628646850586,7.864587783813477,0,0
46895.365960700015,7.913266181945801,7.481900215148926,6.420100212097168,4.703476905822754,2.5901272296905518,0.4247914254665375,-1.5142961740493774,-3.0486092567443848,0,0
46895.37596070002,-4.167243957519531,-4.996539115905762,-5.692196369171143,-6.292217254638672,-6.695681095123291,-6.834591388702393,-6.604908466339111,-5.749876022338867,0,0
46895.686834500004,4.304754734039307,6.480945587158203,7.469829082489014,6.536569595336914,3.595960855484009,-0.77351975440979,-5.74619197845459,-10.651322364807129,0,0
46895.696834500006,-2.810729503631592,0.9347644448280334,4.314825534820557,7.270846366882324,9.778849601745605,11.79202938079834,13.162111282348633,13.763063430786133,0,0
46895.70683450001,-6.884512424468994,-9.154875755310059,-10.757272720336914,-11.41261100769043,-10.942113876342773,-9.528656005859375,-7.469517707824707,-5.017341613769531,0,0
46895.71683450001,7.913471698760986,7.265555381774902,5.1879496574401855,1.873116135597229,-2.3841707706451416,-6.926198959350586,-11.099183082580566,-14.599498748779297,0,0
46895.72683450001,9.741064071655273,7.6505208015441895,4.818403244018555,1.5039082765579224,-2.052339792251587,-5.653486728668213,-9.167877197265625,-12.485908508300781,0,0
46895.736834500014,19.581148147583008,18.056537628173828,15.377735137939453,11.687463760375977,7.265196323394775,2.4662692546844482,-2.2764463424682617,-6.635719299316406,0,0
46895.746834500016,-9.32188606262207,-6.9371018409729,-4.171741008758545,-1.0881519317626953,2.177379846572876,5.396524906158447,8.254439353942871,10.548047065734863,0,0
46895.75683450002,-4.78452205657959,-7.954902648925781,-9.297564506530762,-9.179295539855957,-8.008782386779785,-6.045212745666504,-3.6604723930358887,-1.1661262512207031,0,0
46896.6692922,1.6668490171432495,-0.8382906913757324,-2.788505792617798,-4.2467169761657715,-5.023016452789307,-5.032279014587402,-4.544371128082275,-3.747448205947876,0,0
46896.6792922,-14.439947128295898,-15.197816848754883,-15.12845516204834,-14.181161880493164,-12.325882911682129,-9.606098175048828,-6.187695026397705,-2.4422872066497803,0,0
46896.689292200004,-21.764101028442383,-22.222753524780273,-21.074316024780273,-18.16895866394043,-13.633049011230469,-7.81919002532959,-1.0442084074020386,6.228346824645996,0,0
46896.699292200006,5.225549221038818,5.0799102783203125,5.01601505279541,4.970822334289551,4.852872848510742,4.436619281768799,3.478174924850464,1.9173407554626465,0,0
46896.70929220001,-34.00605392456055,-37.202144622802734,-38.0167121887207,-36.35986328125,-32.3957405090332,-26.44148826599121,-18.968067169189453,-10.538851737976074,0,0
46896.71929220001,22.31486701965332,19.533510208129883,16.527400970458984,13.718565940856934,11.658665657043457,10.405451774597168,9.548860549926758,8.686372756958008,0,0
46896.72929220001,6.925386905670166,7.763014316558838,8.308853149414062,8.472796440124512,8.081542015075684,6.994080066680908,5.2585601806640625,2.9649910926818848,0,0
46896.739292200014,-15.557183265686035,-13.158122062683105,-10.70327377319336,-8.052404403686523,-5.147017478942871,-2.277118444442749,0.2740688621997833,2.5223195552825928,0,0
46896.8016151,-0.20608964562416077,-0.7739877700805664,-0.9712541103363037,-0.912377119064331,-0.9367716908454895,-1.2955617904663086,-2.027468204498291,-3.0038464069366455,0,0
46896.8116151,-2.4669549465179443,-0.6439779996871948,1.5555213689804077,3.8252058029174805,5.6733880043029785,6.925386905670166,7.763014316558838,8.308853149414062,0,0
46896.8216151,-6.043089866638184,-2.6575839519500732,0.7703793048858643,4.155136585235596,7.196037292480469,9.55013370513916,11.364203453063965,12.766400337219238,0,0
46896.8316151,-10.162261962890625,-13.29361629486084,-15.8026762008667,-17.2641658782959,-17.272056579589844,-15.685587882995605,-12.567150115966797,-8.244585990905762,0,0
46896.841615100006,-6.175654411315918,-8.492316246032715,-10.067244529724121,-10.780289649963379,-10.70829963684082,-9.890203475952148,-8.416284561157227,-6.4239606857299805,0,0
46896.85161510001,11.075981140136719,8.751033782958984,5.889801502227783,2.90035343170166,-0.08126473426818848,-2.8506979942321777,-5.2595038414001465,-6.9894185066223145,0,0
46896.86161510001,-7.970330238342285,-9.398845672607422,-9.247220039367676,-7.809069633483887,-5.944294452667236,-4.625300407409668,-4.431219100952148,-5.33998966217041,0,0
46896.87161510001,-7.1657538414001465,-5.461052417755127,-3.235102653503418,-0.9151929020881653,1.1836817264556885,3.18625545501709,5.134417533874512,6.89255952835083,0,0
46896.9367411,-0.9460374712944031,-5.085789203643799,-7.970330238342285,-9.398845672607422,-9.247220039367676,-7.809069633483887,-5.944294452667236,-4.625300407409668,0,0
46896.9467411,-0.29095691442489624,-1.5057697296142578,-3.3688278198242188,-5.474790096282959,-7.271175384521484,-8.47295093536377,-9.04082202911377,-8.956584930419922,0,0
46896.9567411,-17.37992286682129,-17.508039474487305,-16.728635787963867,-14.981748580932617,-12.216944694519043,-8.413992881774902,-3.8143982887268066,1.3470557928085327,0,0
46896.966741100005,-8.246902465820312,-6.908171653747559,-4.972015857696533,-2.623762845993042,-0.1576925814151764,2.1023881435394287,3.998708486557007,5.677116394042969,0,0
46896.97674110001,17.49545669555664,12.62705135345459,7.293253421783447,1.8477216958999634,-3.292414665222168,-7.903390407562256,-11.608717918395996,-13.968558311462402,0,0
46896.98674110001,7.317524433135986,8.914386749267578,10.565519332885742,12.405341148376465,14.168620109558105,15.523165702819824,16.37169075012207,16.314165115356445,0,0
46896.99674110001,5.8686418533325195,6.491512298583984,6.221141338348389,4.898036479949951,2.602729320526123,-0.11057918518781662,-2.649538993835449,-4.658132553100586,0,0
46897.00674110001,14.823333740234375,11.892212867736816,7.8628830909729,3.105975389480591,-2.1219377517700195,-7.588748455047607,-12.794275283813477,-17.10924530029297,0,0
46897.0764654,-1.1877691745758057,0.9037104249000549,3.460585117340088,5.638455867767334,6.685118675231934,5.59135627746582,2.018005132675171,-3.2592952251434326,0,0
46897.0864654,-9.126188278198242,-14.569209098815918,-18.898239135742188,-21.636869430541992,-22.429594039916992,-20.990442276000977,-17.38775062561035,-12.355816841125488,0,0
46897.096465400005,-6.647058486938477,-0.6368408203125,5.279524326324463,10.566539764404297,14.821836471557617,17.81403350830078,19.37308120727539,19.513174057006836,0,0
46897.10646540001,18.573989868164062,16.884567260742188,14.241568565368652,10.439356803894043,6.069586753845215,2.022515058517456,-1.2068445682525635,-3.688981294631958,0,0
46897.11646540001,-5.832492828369141,-7.70014762878418,-8.999919891357422,-9.578179359436035,-9.421916007995605,-8.486339569091797,-6.610114574432373,-3.838277578353882,0,0
46897.12646540001,-0.9108592867851257,1.4185374975204468,3.005703926086426,3.600217819213867,2.9275505542755127,1.333816409111023,-0.5859033465385437,-2.388791799545288,0,0
46897.13646540001,-3.7641749382019043,-4.670572757720947,-5.2203497886657715,-5.381296634674072,-5.1595330238342285,-4.7635064125061035,-4.421615123748779,-4.173837184906006,0,0
46897.146465400016,-3.8243885040283203,-3.1591544151306152,-2.2998595237731934,-1.4148954153060913,-0.33955422043800354,0.9809427857398987,2.5615549087524414,4.56766414642334,0,0
46897.2069536,14.473654747009277,11.465084075927734,7.306318283081055,2.4878053665161133,-2.580432176589966,-7.734715938568115,-12.752448081970215,-17.214412689208984,0,0
46897.2169536,-20.67121124267578,-22.88465690612793,-23.80431365966797,-23.36972427368164,-21.640737533569336,-18.825265884399414,-15.265094757080078,-11.4277925491333,0,0
46897.2269536,-7.477817535400391,-3.280853509902954,1.1427291631698608,5.533633708953857,9.447193145751953,12.506502151489258,14.574845314025879,15.44619083404541,0,0
46897.236953600004,14.901296615600586,13.114303588867188,10.518621444702148,7.522956371307373,4.554339408874512,1.9712432622909546,-0.10042668133974075,-1.6371840238571167,0,0
46897.246953600006,-2.5954527854919434,-2.9083008766174316,-2.521681070327759,-1.565831184387207,-0.3157673180103302,1.0341224670410156,2.479461908340454,4.0595598220825195,0,0
46897.25695360001,5.5702080726623535,6.78389835357666,7.647749900817871,8.0872220993042,8.030041694641113,7.39511251449585,6.276013374328613,5.129875183105469,0,0
46897.26695360001,4.196325778961182,3.2195732593536377,2.0156967639923096,0.6959527730941772,-0.6437520980834961,-2.085676431655884,-3.734772205352783,-5.463755130767822,0,0
46897.27695360001,-7.0450849533081055,-8.501237869262695,-9.990870475769043,-11.530895233154297,-12.99891185760498,-14.210886001586914,-14.996082305908203,-15.340020179748535,0,0
46897.342897200004,-2.521681308746338,-1.5658313035964966,-0.31576743721961975,1.034122347831726,2.479461669921875,4.0595598220825195,5.5702080726623535,6.78389835357666,0,0
46897.352897200006,7.647749900817871,8.0872220993042,8.030041694641113,7.39511251449585,6.276013374328613,5.129875183105469,4.19632625579834,3.2195732593536377,0,0
46897.36289720001,2.0156967639923096,0.6959527730941772,-0.6437520980834961,-2.085676431655884,-3.734772205352783,-5.463755130767822,-7.0450849533081055,-8.501237869262695,0,0
46897.37289720001,-9.990870475769043,-11.530895233154297,-12.99891185760498,-14.210886001586914,-14.996082305908203,-15.340020179748535,-15.313604354858398,-14.79540729522705,0,0
46897.38289720001,-13.486687660217285,-11.100759506225586,-7.6016387939453125,-3.111945390701294,2.307784080505371,8.329928398132324,14.443690299987793,20.29678726196289,0,0
46897.392897200014,25.449756622314453,29.176231384277344,30.720027923583984,29.598844528198242,25.732343673706055,19.663206100463867,12.416961669921875,5.00568962097168,0,0
46897.402897200016,-1.7111549377441406,-7.211696624755859,-11.474875450134277,-14.674369812011719,-16.958309173583984,-18.412353515625,-19.000730514526367,-18.629928588867188,0,0
46897.41289720002,-17.35298728942871,-15.476326942443848,-13.253555297851562,-10.701566696166992,-7.857726573944092,-4.844624042510986,-1.9328244924545288,0.5041341185569763,0,0
46898.0926553,12.702855110168457,8.239442825317383,3.643024444580078,-1.0325188636779785,-5.672828197479248,-10.164669036865234,-14.45233154296875,-18.38266372680664,['fadeout'],0
46898.102655300005,-21.579971313476562,-23.758617401123047,-24.880434036254883,-24.803022384643555,-23.389963150024414,-20.760906219482422,-17.036928176879883,-12.357069969177246,0,0
46898.11265530001,-7.065323352813721,-1.5869338512420654,3.5933520793914795,8.096315383911133,11.859402656555176,14.70695686340332,16.274782180786133,16.439075469970703,0,0
46898.12265530001,15.273698806762695,13.034795761108398,10.1930570602417,7.165582180023193,4.15630578994751,1.3090205192565918,-1.2411694526672363,-3.5254950523376465,0,0
46898.13265530001,-5.509303569793701,-6.977809429168701,-7.782639503479004,-7.7975382804870605,-7.088354587554932,-6.001026630401611,-4.629838943481445,-2.790949821472168,0,0
46898.14265530001,-0.5912867188453674,1.4781116247177124,2.869196891784668,3.332888603210449,3.093569040298462,2.5113391876220703,1.7817260026931763,1.0221391916275024,0,0
46898.152655300015,0.47711968421936035,0.5554604530334473,1.3983060121536255,2.7623350620269775,4.324048042297363,5.767726421356201,6.927927017211914,7.660877704620361,0,0
46898.16265530002,7.535999774932861,6.116602897644043,3.3376271724700928,-0.44349074363708496,-4.596655368804932,-8.613831520080566,-12.041447639465332,-14.329139709472656,0,0
46898.6443271,-13.699225425720215,-18.85520362854004,-22.84111213684082,-25.146636962890625,-25.56049346923828,-24.112136840820312,-21.047956466674805,-16.896446228027344,0,0
46898.654327100005,2.2018368244171143,3.181666851043701,4.471529483795166,5.823567867279053,6.736409664154053,6.9596266746521,6.524756908416748,5.448208808898926,0,0
46898.66432710001,17.675765991210938,18.703781127929688,18.699068069458008,17.848384857177734,16.356691360473633,14.336538314819336,11.708595275878906,8.39963436126709,0,0
46898.67432710001,3.698375940322876,5.168757915496826,6.105439186096191,6.279502868652344,5.745611667633057,4.848413944244385,3.6482932567596436,2.2538092136383057,0,0
46898.68432710001,-1.2512116432189941,-1.263805866241455,-1.5786491632461548,-1.7923561334609985,-1.6033737659454346,-1.207830786705017,-1.0666604042053223,-1.6883114576339722,0,0
46898.69432710001,-3.201002359390259,1.1015716791152954,6.5476813316345215,12.346379280090332,17.34735679626465,20.505767822265625,21.434480667114258,20.47332763671875,0,0
46898.704327100015,-6.080063819885254,-8.872417449951172,-10.6331205368042,-10.592965126037598,-8.919584274291992,-6.74269962310791,-4.570825576782227,-2.312436819076538,0,0
46898.71432710002,7.831091403961182,5.504341125488281,3.477933406829834,1.0461721420288086,-2.15828800201416,-5.7274956703186035,-8.86108684539795,-10.861607551574707,0,0
46898.7774027,-11.752618789672852,-13.160606384277344,-13.579465866088867,-13.091493606567383,-12.012157440185547,-10.730347633361816,-9.469442367553711,-8.094701766967773,0,0
46898.7874027,-12.95419979095459,-18.74271011352539,-23.50670623779297,-26.801137924194336,-28.23838233947754,-27.507980346679688,-24.53314781188965,-19.535717010498047,0,0
46898.7974027,29.47300148010254,27.591007232666016,23.780536651611328,18.699819564819336,12.867207527160645,7.047229766845703,2.1655080318450928,-1.59725821018219,0,0
46898.807402700004,-25.699743270874023,-29.29205322265625,-29.88930892944336,-27.293392181396484,-21.93736457824707,-14.645818710327148,-6.353850364685059,2.0053601264953613,0,0
46898.817402700006,-12.634559631347656,-9.946311950683594,-6.780630111694336,-3.6282618045806885,-0.9099903106689453,0.9540295600891113,1.740384817123413,1.5774630308151245,0,0
46898.82740270001,-0.3960299491882324,0.4367329478263855,1.3386855125427246,2.3958070278167725,3.5538947582244873,4.585568904876709,5.184304237365723,5.2145256996154785,0,0
46898.83740270001,-32.3262939453125,-33.673091888427734,-32.66244125366211,-29.396881103515625,-24.07930564880371,-17.143766403198242,-9.332356452941895,-1.2927727699279785,0,0
